user_id,rec
1,"[961554, 1045285, 938004, 1075074, 979707]"
2,"[857849, 820165, 1013321, 989101, 874058]"
3,"[908531, 1071377, 7441391, 13842214, 1133018]"
6,"[994928, 994928, 995242, 1055646, 1128665]"
7,"[1082185, 1082185, 961554, 1013321, 938700]"
8,"[1082185, 1082185, 1082185, 1082185, 1029743]"
9,"[995242, 1056005, 883404, 889692, 918046]"
10,"[871162, 962118, 1128900, 1106523, 1043766]"
13,"[1082185, 1082185, 1082185, 943076, 9677874]"
14,"[1058930, 994928, 905868, 833715, 981760]"
15,"[1098844, 968215, 1070820, 839326, 1130729]"
16,"[9677923, 12263788]"
18,"[904813, 990797, 990797, 1053628, 1116821]"
19,"[962229, 962229, 844179, 1044078, 944486]"
20,"[929018, 929018, 923746, 878637, 1055425]"
21,"[995242, 995242, 896369, 1049735, 950098]"
22,"[1082185, 1082185, 944836, 1070820, 827656]"
23,"[1034176, 12648296, 957411, 7441271, 913038]"
24,"[1082172, 1082185, 1082185, 1077555, 1110244]"
25,"[1072330, 995242, 826249, 826249, 1074524]"
26,"[1070015, 995785, 985119, 857849, 938700]"
27,"[1082185, 963686, 963686, 1058709, 1058709]"
28,"[943233, 921836, 1119051, 1005186, 1016724]"
29,"[1120134, 13157800]"
30,[995242]
31,"[898847, 898847, 916122, 12385374, 12385374]"
32,"[981760, 972569, 1055853, 1003441, 992986]"
33,"[1055646, 1123420, 1133072, 1071939, 835236]"
34,"[982493, 6463658, 913202, 9526886, 839262]"
35,[1053690]
36,"[962229, 1131602, 929668, 1082185, 962568]"
37,"[1088191, 953104, 8119303, 1046689, 1026086]"
39,"[929668, 923789, 1121656, 1073086, 954673]"
40,"[1082185, 916122, 928263, 840361, 840361]"
41,"[994928, 1082185, 1082185, 1082185, 883039]"
42,"[1082185, 1082185, 981760, 829621, 923746]"
43,"[1120741, 1095068, 987480, 1074933, 838319]"
46,"[1082185, 1082185, 1029743, 1029743, 923746]"
47,"[1126252, 9487606, 907308, 8119318, 16035203]"
49,"[862349, 1058997, 1073775, 916122, 926206]"
50,"[962229, 908531, 962118, 874736, 838602]"
51,"[981760, 1055646, 820165, 1082185, 1029743]"
52,"[1082185, 1074524, 1037340, 1093113, 1106523]"
53,"[1082185, 1082185, 892920, 1013149, 1105623]"
55,"[995242, 849843, 1082185, 844165, 1098066]"
56,"[1082185, 1082185, 1082185, 995785, 860776]"
57,"[1074524, 1065593, 1055646, 979707, 1048563]"
58,"[1082185, 862349, 1070820, 1058997, 1058997]"
59,"[833025, 909338, 1077555, 10355865, 838097]"
62,"[201704, 242044, 12735570, 13194819, 257951]"
63,"[847344, 927400, 970619, 970619, 7431408]"
64,"[1056762, 909894, 13841744, 978965, 978965]"
65,"[5583944, 5588121, 5584007, 5588666, 5582789]"
67,"[1082185, 1092446, 845193, 995242, 995242]"
68,"[923746, 981760, 826249, 1038217, 1033615]"
69,"[981760, 826249, 1055646, 7167249, 1123420]"
70,[1039156]
71,"[13841744, 1082185, 860776, 995242, 1056509]"
72,[6534178]
75,"[700242, 5557467, 783480, 801564, 626178]"
77,"[1082185, 1082185, 1082185, 962229, 859075]"
78,"[1082185, 1082185, 923746, 1088835, 1104349]"
79,"[1070015, 1010164, 15926886, 13213604, 862349]"
80,"[1033615, 1005186, 820165, 898212, 978974]"
81,"[981944, 1082045, 7167218, 916381, 995242]"
82,"[908846, 1045285, 12599756, 929726, 984511]"
83,"[840361, 1075214]"
84,"[1079292, 6034966, 5565369, 830887]"
85,"[859075, 840361, 921744, 1076056, 819840]"
86,"[951590, 1101010, 1106523, 971922]"
87,"[965963, 866931, 1079528, 8293385, 1044507]"
88,"[904360, 904360, 981760, 826249, 871440]"
90,"[1082185, 861272, 1131550, 5584620, 5584027]"
91,"[1029743, 895540, 1088147, 1095100, 845622]"
92,"[900802, 1055646, 12171110, 950557, 972569]"
94,"[979707, 826249, 840361, 1082185, 1082185]"
95,"[833025, 923746, 979707, 979707, 908531]"
97,"[1082185, 923746, 961554, 860776, 15926886]"
98,"[1061220, 847241, 847241, 1113588, 1113588]"
99,"[1111230, 909894, 1082185, 995242, 995242]"
100,"[999730, 849843, 929668, 931671, 940108]"
101,"[862349, 1082185, 1110292, 1106523, 1056509]"
103,"[7409845, 1004122, 930545]"
104,"[860776, 909894, 909894, 909894, 995242]"
105,"[1074524, 1082185, 1005186, 1110292, 1119879]"
106,"[849843, 1015132, 7410215, 847270, 1043301]"
107,"[916381, 1037840]"
109,"[1082185, 1082185, 1082185, 820165, 1095100]"
110,"[860776, 845208, 995785, 1098066, 859075]"
111,"[879948, 840601, 6602327, 12811532, 927004]"
112,"[1043035, 7168026, 6534178, 909972, 6463480]"
113,"[845208, 15926886, 1082185, 833025, 1089766]"
114,"[1029743, 859010, 1046689, 1116096, 7025203]"
115,"[981760, 913785, 849843, 849843, 1055646]"
116,"[923746, 1037863, 850058, 5588290]"
117,"[1082185, 962229, 995242, 820165, 825295]"
118,"[1082185, 995785, 1110142, 845208, 918335]"
119,"[1082185, 995242, 908846, 962568, 5978656]"
121,"[840361, 1013321, 13512017, 1035676, 15926887]"
122,"[1026578, 7409971, 9419525, 1035676, 1053176]"
123,"[981760, 826249, 849843, 1029743, 1029743]"
124,"[833025, 833025, 929433, 1035676, 1035676]"
125,"[833025, 923746, 908531, 1055646, 1018588]"
126,"[962185, 1019247, 12781558, 898068]"
127,"[1082185, 1055646, 995242, 908531, 1094955]"
128,"[981760, 994928, 840361, 997096, 820165]"
131,"[1082185, 1075214, 990656, 992986, 1048068]"
132,"[820165, 1082185, 910071, 1139216, 1126899]"
133,"[1082185, 1082185, 995242, 979707, 1117514]"
134,"[862682, 862682, 6533362, 862335, 7167837]"
135,"[826249, 852360, 13115813, 1004270, 879876]"
136,"[907014, 962568, 1013321, 892008, 1030819]"
138,"[1112598, 1038217, 1079542, 1031099, 1009449]"
139,"[1082185, 1082185, 6979393, 994928, 1134006]"
140,"[951821, 5591083, 914190, 832678, 892531]"
141,"[907014, 1039287, 1048472, 1108854, 1068888]"
142,"[1074524, 1074524, 1074524, 1074524, 1074524]"
143,"[1038217, 1062782, 1106523, 1120741, 920205]"
146,"[849843, 995242, 905636, 1092149, 1127470]"
151,"[1126252, 1124694, 824005, 963365, 1005456]"
153,"[822677, 1128900, 972569, 950557, 1003441]"
156,"[833025, 1057260, 10311595, 976214, 1083254]"
157,"[923746, 826249, 826249, 1083446, 8119303]"
158,"[1082185, 1082185, 1038217, 12731714, 997423]"
159,"[1082185, 849843, 1111839, 6773215, 1132770]"
160,"[961554, 860776, 1055646, 1082185, 1096343]"
161,"[13841744, 981760, 957063, 953476, 1074405]"
162,"[834484, 1055646, 1055646, 929605, 8119319]"
164,"[1029743, 1082185, 849843, 849843, 1127624]"
166,"[995242, 1082185, 1029743, 1029743, 914190]"
167,"[1009046, 882595, 983316, 1042765, 953180]"
168,"[1082185, 1029743, 1004906, 1018050, 878996]"
169,"[1037894, 12757316, 1099164]"
171,"[976998, 7143614, 9913338, 1066641, 907625]"
172,"[6534178, 917459, 853265, 1044500, 1123467]"
174,"[820165, 995785, 1052335, 973693, 822339]"
178,"[1027090, 9297615, 1092026, 1110572, 972312]"
183,"[1123407, 883404, 1051069, 879948, 1080414]"
184,"[1082185, 981760, 998444, 916990, 851287]"
185,"[923746, 1074405, 960984, 995785, 1074271]"
187,"[961554, 908531, 908531, 15926775, 971949]"
188,"[847982, 879755, 1081310]"
190,"[942817, 1079228, 922096, 825365, 1062630]"
191,"[1039156, 981082, 1015474, 994955]"
192,"[995242, 1082212, 1129576, 1056509, 989101]"
193,"[1106523, 944139, 9420067, 1134483, 831712]"
194,"[1025650, 923746, 923746, 845208, 1082185]"
195,"[981760, 981760, 961554, 908531, 908531]"
196,"[970747, 880363]"
197,"[882830, 1126899, 7462562, 12599655, 868522]"
198,"[1082185, 953476, 908531, 1029743, 9677874]"
199,"[849843, 1053931, 936634, 9523058, 12947679]"
200,"[909894, 868015, 898601, 1058997, 930440]"
201,"[1133018, 833025, 5567502, 5568378, 5568378]"
202,"[1058779, 827180, 1051069, 1043416, 1122115]"
203,"[1029743, 948384, 914190, 861063, 5569471]"
204,"[948622, 1001145, 15926844, 1036347, 1053690]"
205,"[840361, 847982, 900802, 860776, 1082185]"
208,"[1082185, 826249, 919534, 981760, 979707]"
209,"[845208, 849843, 1068719, 1020682, 1029743]"
210,"[1135868, 973868, 1118533, 849843, 1119879]"
211,"[962229, 962229, 962229, 962229, 962229]"
212,"[995242, 847982, 1056509, 13842214, 964462]"
213,"[951665, 971962, 1102959, 847434, 12385918]"
214,"[1082185, 1082185, 1082185, 833724, 1055853]"
215,"[981760, 7167218, 1082185, 895540, 895540]"
216,"[6533936, 974204, 895540, 866227, 874832]"
217,"[834484, 995785, 1055646, 1044599, 860776]"
218,"[993430, 1077133, 834484, 1085604, 962568]"
219,"[1082185, 1082185, 1082185, 1082185, 1098844]"
220,"[995242, 13417048, 942778, 1132789, 9487606]"
221,"[1082185, 981760, 883404, 1133018, 1133018]"
222,"[1082185, 1082185, 860776, 995785, 859075]"
224,"[1036431, 850925, 1074509, 1074509, 866227]"
225,"[1019722, 929668, 9487603, 16809471, 9420312]"
226,[6534178]
227,"[908531, 908531, 908531, 898601, 898601]"
228,"[1017061, 990941, 13115493, 926804, 1051069]"
230,"[995242, 1029743, 883404, 820165, 845193]"
232,"[870547, 923746, 1106523, 1013321, 1137346]"
233,"[1098844, 995242, 995242, 995242, 1082185]"
235,"[1070820, 1133018, 908531, 14025461, 995785]"
236,"[850157, 974549, 829852, 1072405, 928754]"
239,"[1082185, 1082185, 823758, 823758, 910439]"
240,"[923746, 979707, 979707, 823758, 823758]"
241,[921288]
242,"[1082185, 1029743, 1029743, 995785, 840361]"
243,"[961554, 961554, 860776, 860776, 860776]"
244,"[849843, 909894, 1082185, 1070716, 865891]"
245,[1404121]
246,"[1078008, 5568191, 1024557, 861272, 1039287]"
247,"[1098844, 1023958, 1082185, 1133018, 1044188]"
248,[6534178]
249,"[1029743, 15926886]"
250,"[833025, 995242, 995242, 995242, 12132315]"
251,"[923746, 9526430, 1074271, 997202, 883404]"
252,"[964356, 842819, 1051069, 1124729]"
253,"[1082185, 1101173, 1044078, 1025611, 951590]"
254,"[982493, 17827241, 6534552, 831536]"
256,"[1110793, 1082212, 1082212, 979707, 885406]"
257,"[1101771, 1033615, 883404, 1113820, 1033846]"
258,"[1072330, 1120741, 995242, 995242, 15926844]"
259,"[1082185, 1011578, 1131351, 1095275, 1039156]"
260,"[981944, 860776, 991379, 1082185, 15717057]"
262,"[1136257, 922561, 859075, 12384775, 1124432]"
263,"[995242, 995242, 995242, 1082185, 1082185]"
264,"[961554, 937444, 1104695, 844054, 9836415]"
265,"[5582370, 901067, 1017446, 993544]"
266,"[981760, 826249, 825494, 905868, 983210]"
267,"[1101771, 929373, 901976, 954809, 5978656]"
268,"[1081479, 9831731, 837107, 15716719, 868147]"
269,"[981760, 845208, 962229, 962229, 962229]"
270,"[833025, 981760, 9526430, 1053690, 892920]"
271,"[981760, 826249, 961554, 1055646, 909894]"
273,"[883404, 13115501, 968215, 1085122, 12188582]"
274,"[857849, 830795, 926804, 894236, 841228]"
275,"[826249, 822677, 840361, 961554, 830750]"
276,"[12810391, 860776, 6534178, 1053924, 12731544]"
278,"[962229, 909349, 995242, 990440, 1013321]"
280,"[1106523, 6534178, 6534178, 977266]"
281,"[833025, 1082185, 862349, 14025185, 1034686]"
282,"[1055646, 1056651, 1127651, 1089392, 10344718]"
283,"[995242, 1082185, 1082185, 860776, 961554]"
284,"[1101173, 996156, 15506577, 12301405]"
285,"[981760, 849843, 849843, 849843, 974108]"
286,"[1119051, 1103513, 10198378, 869333, 15452093]"
287,"[923746, 923746, 824311, 985119, 898980]"
288,"[908531, 1055646, 906017, 1029504, 10121965]"
289,"[1125497, 1125497, 1125497, 995785, 981760]"
290,"[995242, 995242, 995242, 995242, 1082185]"
291,"[1056762, 1051305, 1088835, 7441391, 7441391]"
292,"[981760, 1053690, 1053690, 1106523, 1106523]"
294,"[995242, 995242, 995242, 860776, 908531]"
297,"[1048440, 1110572, 12263234, 863802, 908531]"
300,"[10312352, 845013]"
301,"[1082185, 1082185, 995242, 916122, 1094924]"
302,"[1064380, 12648967, 1101174, 1131112, 1005274]"
303,"[820361, 830015, 909894, 908531, 820165]"
304,"[1082185, 1098066, 1029743, 1029743, 1029743]"
305,"[937725, 1032967, 1031447, 9858847, 9827666]"
306,"[1082185, 840361, 923746, 1043590, 1043590]"
307,"[889731, 1027874, 1027874, 838602, 838602]"
308,"[1110572, 1110572, 1114050, 963835, 821408]"
311,"[1110572, 1110572, 853904, 979746, 866950]"
312,"[1128665, 906262, 879948, 987480, 936830]"
314,"[1082185, 1058997, 1088393, 1133018, 918335]"
316,"[833025, 840361, 913785, 849843, 849843]"
317,"[1082185, 1082185, 1082185, 908531, 961554]"
318,"[952981, 977481, 918335, 1106301, 5568729]"
321,"[979707, 986947, 944836, 895540, 856772]"
322,"[857849, 1030040, 979707, 1078346, 1133072]"
323,"[923746, 969205, 921836, 879152, 826666]"
324,"[1098844, 1041259, 903325, 903325, 1082185]"
325,"[1082185, 994928, 995242, 15926775, 1011300]"
326,"[1111839, 870980, 995242, 13841744, 1017890]"
327,"[1033615, 1133018, 883404, 15926844, 958492]"
328,"[819840, 962274, 1065556, 908846, 979707]"
329,"[1082185, 979707, 819927, 859075, 1005186]"
330,"[923746, 927291, 1053690, 1053690, 1013149]"
331,"[821730, 1082185, 862349, 833465, 861341]"
332,"[1082185, 1082185, 994928, 1013321, 859075]"
333,[899624]
334,"[1082185, 1082185, 1126310, 1026712, 1029743]"
338,"[923746, 834484, 995785, 1120741, 995852]"
339,"[840361, 1133018, 1106523, 1044188, 1069538]"
342,"[847982, 870515, 854852, 854716, 938138]"
343,"[847982, 961554, 1104414, 1040693, 954673]"
345,"[923746, 942817, 1022981, 867668, 857849]"
346,"[826249, 1082185, 1082185, 995242, 995242]"
347,"[1092948, 18025052, 1086352, 1051288, 839147]"
348,"[923746, 849843, 823758, 962206, 909349]"
349,"[834484, 866140, 995242, 900802, 838010]"
350,"[1044078, 1106523]"
351,"[1082185, 1082185, 1038217, 994928, 923746]"
353,"[948086, 9885206, 1090336, 841024, 16769948]"
354,"[1082185, 1058997, 820165, 1000908, 961554]"
356,"[867668, 1110793, 1115874, 12731484, 1080414]"
357,"[908531, 909894, 1135995, 1062782, 1133018]"
358,"[1106523, 1106523, 1106523, 1106523, 872137]"
360,"[1073150, 1110572, 1037894, 1031831, 6979518]"
361,"[826249, 1082185, 1082185, 8203451, 1133018]"
362,"[1081533, 923746, 923746, 1128395, 1128395]"
364,"[923746, 908531, 909894, 1038894, 938566]"
365,"[981760, 5572828, 1107553, 1082185, 1082185]"
366,"[882441, 1120741, 1132770, 1077555, 883404]"
367,"[1082185, 1082185, 1072330, 1031864, 928049]"
369,"[923746, 1021133, 1106523, 959409, 820122]"
371,"[1082185, 1082185, 1082185, 981760, 995242]"
373,"[896444, 883404, 1094955, 986912, 9926758]"
374,"[923746, 1037863, 1029743, 1009046, 7409670]"
375,"[1058021, 885023, 15452032]"
376,"[833025, 994928, 994928, 849843, 849843]"
377,"[1013641, 959985, 994223, 1138443, 8249249]"
378,"[1082185, 833025, 1005186, 1005186, 1005186]"
380,"[923746, 923746, 849843, 849843, 1038217]"
381,"[859075, 859075, 819927, 873178, 1110764]"
382,"[907014, 883404, 1106523, 993028, 866227]"
383,"[1041259, 1082185, 979707, 961554, 890695]"
384,"[1013149, 828143, 1065496, 10344971, 9483753]"
385,"[1082185, 1010190, 914577, 1131321, 854852]"
386,"[1082185, 995242, 918335, 1035836, 15926886]"
387,"[1082185, 981760, 1058997, 822259, 1043590]"
388,"[961554, 970119, 995242, 1029504, 927191]"
389,"[1082185, 1082185, 1003188, 1003188, 1071342]"
390,"[1058243, 1081533, 999714, 1064542, 927860]"
392,"[1082185, 1082185, 981760, 847982, 908846]"
393,"[1055646, 1120741, 1029743, 1036431, 1065593]"
394,"[906017, 13842090, 1133018, 1029743, 921836]"
395,"[1098066, 1053690, 1053690, 1000908, 1115874]"
396,"[834103, 1136955, 1082185, 1109374, 1109374]"
397,"[961554, 961554, 1035836, 840361, 840361]"
398,"[849843, 908531, 909894, 995242, 916381]"
400,"[1082185, 1082185, 883404, 883404, 826249]"
401,"[857849, 838010, 989101, 1033615, 1033615]"
402,"[997200, 6919433, 13512965, 979707, 979707]"
404,"[1074405, 1110142, 1110793, 1092588, 910745]"
405,"[961554, 1125904, 935008, 1129671, 870780]"
406,"[995242, 908846, 1082185, 847270, 1055853]"
407,"[826249, 908531, 995242, 883404, 9835223]"
409,"[981760, 1082185, 820165, 862349, 862349]"
410,"[995242, 923746, 962229, 850925, 1049897]"
411,"[879948, 1080758]"
412,"[1082185, 979707, 860975, 860975, 849843]"
413,"[1082185, 1082185, 1082185, 994928, 1106523]"
414,"[833025, 961554, 1077143, 849843, 1123420]"
415,"[997202, 895540, 1133018, 864893, 864893]"
417,"[994928, 995242, 995242, 1055646, 953476]"
418,"[981760, 1003188, 1029743, 1029743, 852360]"
420,"[1029743, 961747, 935990, 18119016]"
421,"[840361, 961554, 821344, 849843, 970119]"
425,"[923746, 834484, 849843, 910439, 952981]"
426,"[961554, 1082185, 1082185, 862349, 862349]"
427,"[840361, 834484, 995242, 1082185, 1029743]"
429,"[833025, 833025, 995242, 995242, 1110142]"
430,"[908531, 908531, 908213, 995242, 898980]"
432,"[955043, 825994, 1076146, 975649, 999134]"
433,"[1082185, 12670071, 12648967, 1106523, 1089392]"
434,"[1065593, 1088835, 1081189, 882441, 1039781]"
435,"[15926775, 15926775, 15926775, 15926775, 15926775]"
437,"[829802, 948670, 1039156, 5978656, 889632]"
438,"[995242, 1133018, 1133018, 1133018, 1029743]"
441,"[860776, 1123792, 1123792, 1038985, 1038985]"
442,"[1085604, 909894, 909894, 1022872, 7167218]"
443,"[923746, 923746, 1057260, 1057260, 862349]"
446,"[6961601, 937909]"
447,"[995242, 1138125, 1057260, 1057260, 879445]"
449,"[1038217, 916381, 852864, 938700, 1029743]"
450,"[923746, 860776, 976621, 1038217, 1038217]"
451,"[916122, 976998, 1004906, 999971, 1031447]"
454,"[859075, 995242, 995242, 995242, 995242]"
457,"[1074271, 1082185, 1029743, 844165, 994149]"
458,"[961554, 849843, 849843, 849843, 1058997]"
459,"[1039682, 977873, 972312, 1075313, 863762]"
460,"[981760, 826385]"
461,"[995242, 886703, 853904, 1034499, 1034499]"
462,"[995242, 13841744, 1055646, 824180, 1081177]"
463,"[994928, 834484, 848154, 1082185, 1133018]"
464,"[1082185, 1082185, 1082185, 961554, 995242]"
466,"[832001, 10341697, 859191]"
467,"[890283, 991999, 916122, 1110692, 7167945]"
468,"[834484, 908531, 1026346, 1037451, 845208]"
469,"[1082185, 1082185, 1082185, 1055646, 979707]"
470,"[826249, 840601, 1012523, 15926886, 1034837]"
471,"[995242, 852864, 826860, 980727, 1013187]"
474,"[1129819, 1084591, 1065593, 1030093, 7147145]"
477,"[879755, 896369, 13115579, 1029743, 1029743]"
478,"[8090440, 1110843]"
479,"[1060269, 866227, 10149868, 9704801, 17214936]"
480,"[1009449, 1139830, 9245312, 17249340, 12582156]"
482,"[826249, 994928, 847982, 971325, 857849]"
483,"[1080414, 1055863, 1118393, 879755, 1077588]"
484,"[995242, 1013321, 10204392, 1044759, 970760]"
485,"[1082185, 908531, 923746, 938700, 1090838]"
487,"[906763, 7169034, 921863, 10285365]"
489,"[1082185, 1082185, 1082185, 862010, 1022254]"
491,"[885023, 885023, 994223, 859191, 1051468]"
493,"[995242, 995242, 859075, 819927, 10121965]"
495,"[923746, 849843, 995242, 883404, 1133018]"
497,"[1079223, 7410290, 6424447, 942778, 837304]"
502,"[908531, 920308, 1088835, 845208, 850529]"
503,"[1073150, 1073150, 997200, 896369, 1051379]"
505,"[962991, 1127716, 7409663, 13213480]"
506,"[1013641, 1081853, 886787, 855138, 1104414]"
507,"[968932, 1058554, 6773219, 5995692, 6773215]"
508,"[1029504, 857849, 1037863, 822259, 13512017]"
510,"[1082185, 1082185, 862349, 862349, 862349]"
511,"[994928, 908531, 908531, 995242, 995242]"
513,"[865026, 907647, 900586, 900586, 9677236]"
514,"[820165, 5584808, 5585636, 5585636, 5587043]"
515,"[995242, 989354, 898601, 5591538, 858478]"
516,[1125420]
517,"[840361, 9524511, 1043301, 1081582, 970714]"
518,"[1082185, 979707, 13841744, 995242, 1059969]"
520,"[923746, 840361, 834484, 823758, 995242]"
521,"[923746, 1055646, 1056746, 1017059, 1033220]"
523,"[1082185, 1082185, 1082185, 1082185, 1082185]"
524,"[923746, 1133018, 1009046, 1120532, 6553571]"
525,"[1055646, 1048260, 6552637, 1116624, 845975]"
526,"[5569230, 1038217, 1101173, 13654811, 1039156]"
527,"[1058997, 979707, 987562, 1043416, 1059308]"
531,"[981760, 976214, 1086763, 1072297, 5569230]"
533,"[994928, 822785, 937571, 1038217, 898980]"
534,"[1110764, 993466, 874058, 8119303, 8119303]"
537,"[1232641, 1240227, 9886877, 9297917, 13988896]"
538,"[861272, 861272, 1098844, 1129671, 999318]"
539,"[923746, 833025, 833025, 981760, 960142]"
540,"[995785, 1082185, 961554, 820165, 847270]"
542,"[849843, 1106523, 1106523, 1068830, 7167218]"
543,"[879734, 879734, 1116460, 1075315, 1025628]"
544,"[1035946, 7167218, 1013149, 12518330, 7410343]"
545,"[1022981, 861272, 895540, 836281, 905913]"
547,"[824915, 937845, 1013641, 995242, 1058942]"
548,"[1082185, 981760, 1041766, 1007195, 885406]"
550,"[849843, 995242, 1055646, 1055646, 1013321]"
552,"[1056762, 1038217, 927191, 1077703, 972894]"
553,"[921744, 859075, 1084331, 1074405, 1117336]"
554,"[861272, 1082185, 1029743, 913623, 939578]"
556,[6544236]
557,"[9526709, 9526986, 881443]"
558,"[994928, 976955, 5592931, 1082185, 879948]"
560,"[1029743, 1029743, 1029743, 826249, 1082185]"
562,"[981760, 967476, 995242, 860439, 962229]"
563,"[847982, 862349, 828857, 9445919, 908846]"
564,"[1110572, 987480, 973854, 1005186, 15660114]"
566,"[1000908, 891405, 1029743, 1027447, 889649]"
567,"[859075, 847982, 908531, 1133018, 1133018]"
568,"[923746, 840361, 1025650, 909894, 909894]"
569,"[1041259, 848319, 15926775, 12171656, 5569471]"
570,"[1010424, 995242, 995242, 958046, 906262]"
574,"[1082185, 1082185, 1082185, 908531, 908531]"
575,"[862349, 862349, 927191, 1003188, 1003188]"
576,"[1102949, 945244, 5580577, 874820, 937276]"
577,"[981760, 908531, 927291, 1135995, 1135995]"
578,"[826249, 961554, 1082185, 862349, 862349]"
579,"[833025, 923746, 909894, 867668, 1011300]"
580,"[979707, 860975, 944249, 948232, 7167967]"
581,[13157899]
582,"[995242, 822785, 1021324, 954642, 976300]"
583,"[1108168, 1109805, 1138292, 891505, 5592390]"
586,"[859075, 826249, 1055646, 987562, 918335]"
587,"[7410015, 1037560, 890695, 1079048, 1077285]"
588,"[859075, 1106523, 908531, 961554, 1133018]"
590,"[826249, 1000908, 1037340, 1038217, 840601]"
591,"[1094955, 1007549, 6534178, 6533765]"
593,"[112829, 61977, 239435, 54205, 57390]"
594,"[823758, 988416, 1038217, 873654, 1074524]"
595,"[1002558, 1110793, 1041157, 852035, 950557]"
596,"[860776, 1065593, 1106523, 1076875, 985119]"
598,"[1022254, 981760, 981760, 923746, 1106523]"
600,"[826249, 1135868, 1038217, 996016, 995242]"
602,"[981760, 826249, 826249, 929433, 868015]"
603,"[861445, 1124729, 1124729, 945909, 945909]"
604,"[862349, 862349, 862349, 1129671, 1129671]"
605,"[862349, 981760, 13133916, 13416351, 13417590]"
606,"[995242, 995242, 845208, 845208, 1008316]"
608,"[15926844, 1087916, 923746, 923746, 1038462]"
609,"[949616, 6534178]"
610,"[909396, 875089, 1027068, 847962, 1081177]"
611,"[833025, 999730, 973889, 971852, 971852]"
612,"[826249, 826249, 913785, 995242, 820895]"
613,"[1077143, 834484, 834484, 1038217, 1011300]"
614,"[860776, 995242, 1055646, 1044078, 852864]"
615,"[970119, 995242, 995242, 857390, 1082185]"
617,"[1037451, 863506, 1013770, 836281, 970725]"
618,[916260]
621,"[1110793, 834484, 1112825, 1112825, 1112825]"
622,"[1106523, 1011300, 12696013, 965766, 929433]"
623,"[874736, 1043895, 1008673, 1008673, 6442908]"
624,"[995785, 908531, 981760, 938700, 5592931]"
630,"[862349, 862349, 15926886, 1082185, 1082185]"
631,"[1082185, 1082185, 1082185, 981760, 849843]"
632,"[833025, 970119, 1022981, 961554, 9526892]"
633,"[994928, 1126870, 820895, 1134522, 1069979]"
636,"[994928, 1135868, 905868, 905868, 962118]"
637,"[833025, 981760, 1133018, 1133018, 1082185]"
638,"[994928, 1030362, 840361, 1000908, 1081479]"
640,"[866227, 1075178, 13115849, 1046825, 12987861]"
641,"[981760, 1010164, 1010164, 862349, 862349]"
643,"[923746, 1000908, 932298, 5585186, 5578494]"
644,"[1082185, 1082185, 1098066, 979707, 821083]"
647,"[859075, 1029743, 1029743, 833025, 1055646]"
648,"[923746, 860776, 895540, 995785, 1107553]"
650,"[6397437, 9570283, 1575714, 1548696, 1456658]"
652,"[840361, 995242, 995242, 1055646, 865891]"
653,"[1004555, 955518, 987947, 1102959, 946375]"
654,"[994928, 849843, 995242, 1038217, 1077555]"
655,"[12946027, 1075282, 951590, 987734, 1082833]"
658,"[1038217, 941741, 995055, 15926887, 1044078]"
659,[17992876]
660,"[862010, 918335, 1056509, 840361, 872137]"
661,"[903325, 986912, 986912, 995242, 5569230]"
662,"[849843, 871440, 883404, 1012284, 901916]"
663,"[908531, 908531, 908531, 1088191, 1088191]"
665,"[847529, 1047256, 1071171, 1043008, 1099851]"
666,"[826249, 1058930, 860776, 1006062, 1055646]"
667,"[981944, 840361, 834484, 1058686, 900802]"
668,"[873654, 1042942]"
669,"[1105623, 820560, 870780, 847025, 836393]"
670,"[981760, 1082185, 1029743, 1029743, 1029743]"
671,"[1029743, 899565, 940804, 8293447, 8273833]"
672,"[860776, 961554, 995242, 995785, 995785]"
673,"[1037340, 1074271, 849843, 849843, 857849]"
674,"[909894, 860776, 999730, 995242, 1070169]"
675,"[981760, 1133018, 1133018, 905913, 1092026]"
676,"[923746, 981760, 981760, 826249, 826249]"
680,"[900586, 995242, 861272, 1005186, 873627]"
681,"[1029743, 859075, 920724, 1136257, 890695]"
684,"[981944, 849843, 1009567, 1055646, 904375]"
685,"[952254, 7441391, 870547, 953476, 1123792]"
687,"[840361, 995242, 1133018, 1133018, 13841744]"
690,"[1082185, 849843, 883404, 969866, 987480]"
691,"[981760, 981760, 847982, 1130323, 995785]"
692,"[1082185, 1055646, 1019643, 1019643, 992139]"
693,"[909894, 908531, 1029743, 1029743, 840361]"
694,"[844165, 951590, 955687, 9487613, 1016286]"
695,"[981760, 981760, 847982, 1101173, 13039088]"
696,"[908531, 1126899, 1126899, 1126899, 1082185]"
697,"[840361, 1062782, 857849, 896369, 1057260]"
698,"[950824, 995785, 1110142, 995242, 1055646]"
699,"[962229, 995242, 850157, 1098844, 1085351]"
700,"[15926844, 1082185, 883404, 1106523, 1027068]"
701,"[981760, 1080331, 1079542, 5592736, 1013321]"
702,"[994928, 1112598, 908531, 999134, 8011397]"
703,"[981760, 995242, 910745, 970365, 929668]"
705,"[862349, 860975, 937080, 1070820, 1004945]"
706,"[961554, 1082185, 995242, 979707, 859075]"
707,"[1082185, 1082185, 1029743, 1029743, 1029743]"
708,"[995242, 995242, 860776, 923746, 1044895]"
709,"[981760, 908531, 908531, 902167, 905868]"
710,"[981760, 853172, 824915, 1110572, 1110572]"
711,"[866211, 6533581]"
712,"[1082185, 1082185, 826249, 981760, 872137]"
713,"[995242, 15926886, 962229, 1082310, 1082185]"
714,"[1082185, 961554, 1058997, 859075, 840361]"
715,"[995242, 961554, 981760, 994928, 995785]"
716,"[1058997, 961554, 1051516, 1117336, 1056651]"
717,"[1102949, 13842101, 825160, 1005186]"
718,"[1082185, 1082185, 994928, 883404, 995242]"
719,"[840601, 932298, 932298, 932298, 1017041]"
720,"[819840, 895268, 895268, 1056212, 1056212]"
721,"[1116297, 1074754]"
722,"[1082185, 981760, 925854, 1098844, 5588666]"
723,"[960142, 862349, 1082185, 1043301, 961772]"
725,"[994928, 826249, 1038217, 1038217, 859075]"
726,"[961554, 834484, 972569, 838010, 932006]"
727,"[712409, 643429, 574218, 701168, 630852]"
728,"[822785, 974306, 1070015, 1124100, 929668]"
729,"[13424340, 2051181, 1744168, 1846166]"
730,"[849843, 862349, 1058997, 1053690, 993617]"
731,"[1107553, 6396581, 8019716, 1128016, 849202]"
733,"[9527223, 13512017, 1017041, 1063577, 1063577]"
734,"[981760, 961554, 1082185, 819063, 944599]"
735,"[923746, 845208, 1037863, 1029743, 1109352]"
736,"[981760, 874058, 995785, 1048440, 849843]"
740,"[1082185, 961554, 995785, 904360, 981760]"
741,"[845208, 1135995, 989935, 927191, 1022254]"
742,"[879735, 917832, 17249155, 16769709, 17290722]"
743,"[923746, 9526892, 1096343, 898980, 1121410]"
744,"[840361, 961554, 960142, 1070015, 962609]"
745,"[840361, 8203451, 8203451, 8203451, 8203451]"
747,"[868401, 866227, 1019247, 928584]"
748,"[908531, 826249, 826249, 994928, 849843]"
749,[1028695]
750,"[1088835, 834833, 929668, 844165, 1133018]"
752,"[1082185, 15831255, 847344, 820165, 866211]"
753,"[1082185, 834484, 862349, 1036501, 1048563]"
754,"[1082185, 1036347, 1124126, 900842, 1098060]"
755,"[845193, 15596932, 5568320, 892500, 9523058]"
757,"[833025, 923746, 826249, 995785, 860776]"
759,"[860776, 1082185, 7126663, 1068843, 954673]"
761,"[1082185, 1082185, 923746, 923746, 995785]"
762,"[1082185, 1058997, 986912, 961554, 1005186]"
764,"[1082185, 995242, 995242, 923746, 923746]"
766,"[1082185, 1082185, 961554, 995785, 995785]"
767,"[961554, 995785, 979707, 862349, 862349]"
768,"[995242, 995242, 995242, 1082185, 994928]"
769,"[834484, 822785, 995785, 979707, 985427]"
770,"[995242, 1092937, 1003188, 861279, 833723]"
771,"[909894, 909894, 909894, 1119051, 1043590]"
773,"[1082185, 1082185, 1082185, 873887, 1101173]"
776,"[916381, 883404, 1029743, 1130943, 10284946]"
777,"[966494, 1050543, 914957, 863802, 1080110]"
779,"[845208, 995785, 833025, 833025, 1098066]"
781,"[926065, 13654702, 1036401, 918688, 1033220]"
784,"[1082185, 995785, 979707, 1041259, 1068719]"
786,"[1082185, 1082185, 840361, 840361, 981760]"
787,"[1082185, 1082185, 1072330, 820165, 7441391]"
788,"[995242, 923746, 1037894, 5569230, 5568378]"
789,"[840361, 847982, 983078, 860776, 849843]"
790,"[1070015, 10149473, 15717150, 951350, 913744]"
793,[1055646]
794,"[15926886, 1055646, 1077555, 1082185, 1051516]"
795,"[961554, 13841744, 854976, 1082185, 1029743]"
796,"[1195889, 993638, 993638]"
798,"[833025, 923746, 908531, 989157, 830795]"
799,"[923746, 1012523, 1116460, 849843, 995722]"
800,"[819927, 1082185, 995242, 995242, 995242]"
801,"[981760, 873178, 965963, 856252, 9884698]"
802,"[1016276, 870933, 13944991, 13945157, 1048462]"
803,"[1082185, 1082185, 840361, 995242, 995242]"
804,"[1119879, 953104, 1038217, 927191, 1019744]"
805,"[981760, 981760, 826249, 1088191, 976300]"
806,"[1022254, 1029743, 1029743, 994685, 921744]"
807,"[908531, 937845, 896444, 928049, 1082185]"
808,"[1082185, 849843, 1029743, 1110244, 1065593]"
810,"[906017, 860776, 908846, 1083846, 866227]"
811,"[1061971, 838867]"
813,"[1119879, 905913, 929668, 909338, 932179]"
814,"[833025, 1044068, 937845, 1059969, 971325]"
816,"[1082185, 981760, 938700, 873622, 862349]"
817,"[845208, 1003188, 1070820, 1070820, 820165]"
818,"[1131506, 1010185, 1135476, 6544236]"
820,"[986760, 1076875, 953320, 1013572, 1013149]"
822,"[981760, 995242, 938700, 1013321, 887618]"
823,"[994928, 1082185, 920308, 916767, 13115579]"
824,"[923746, 981760, 962274, 1056746, 1133018]"
825,"[1082185, 923746, 908531, 908531, 1058997]"
826,"[824546, 866140, 1119879, 1071333, 951590]"
829,"[909894, 960142, 1078008, 1038894, 995242]"
830,"[994928, 1091499, 1069094, 9527158, 9526886]"
831,"[1098844, 1098844, 1053690, 1053690, 995242]"
836,"[1072330, 7441558, 873874, 1128665, 938141]"
837,"[843756, 901062, 8090549, 6547504, 8118703]"
840,"[860776, 981760, 1013321, 1013321, 1013321]"
841,"[908531, 908531, 908531, 908531, 8011397]"
842,"[833025, 923746, 1072330, 882441, 1132770]"
844,"[1082185, 1082185, 1055646, 1055646, 862349]"
845,"[999639, 1081189, 15926844, 925626, 1129576]"
846,"[1133018, 1133018, 1133018, 967395, 929726]"
847,"[1081189, 895070, 895070, 893739, 891542]"
848,"[1119879, 948509, 820165, 870780, 853904]"
850,"[960142, 940108, 847789, 840102, 1133018]"
852,"[1068719, 1058997, 1082185, 1082185, 1082185]"
853,"[16058864, 871722, 871722, 995785, 12781829]"
854,"[878290, 1016210, 1016210, 850834, 850834]"
855,"[867668, 867668, 867668, 1052512, 976864]"
856,"[1022254, 1120362, 995242, 999971, 9526886]"
857,"[913785, 1048440, 9803545, 9803483, 941198]"
858,"[7441926, 13382461, 1084694, 849202, 17104857]"
859,"[981760, 1133072, 962229, 1029504, 995242]"
861,"[1055646, 833724, 963835, 899624, 934639]"
862,"[1026346, 834833, 834833, 1091499, 1033615]"
863,"[981760, 849843, 15716445, 5588666, 5569135]"
864,"[1082185, 981760, 839438, 870547, 833025]"
865,"[962229, 1106523, 899624, 1089025, 12648296]"
866,"[1082185, 994928, 833025, 833025, 826249]"
867,"[1082185, 840361, 919534, 986947, 979707]"
868,"[1082185, 1082185, 1005609, 1007642, 15831255]"
869,"[981760, 981760, 981760, 994928, 994928]"
871,"[1082185, 1082185, 1082185, 1082185, 961554]"
875,"[1082185, 995242, 849843, 908531, 941741]"
876,"[833025, 994928, 963238, 834484, 9419441]"
877,"[981760, 961554, 1098844, 8011397, 1082185]"
878,"[15926886, 961554, 985893, 985893, 994928]"
879,"[8090513, 1013641, 900418, 1130777, 832678]"
880,"[1131550, 859075, 1065593, 951590, 890695]"
881,"[821344, 12263180, 1029504, 995242, 1030819]"
882,"[995242, 833025, 833025, 826249, 826249]"
883,"[1098844, 1082185, 1029743, 1022254, 961979]"
884,"[1055646, 979707, 1119399, 934676, 1096036]"
885,"[923746, 826249, 12263234, 840601, 932298]"
886,"[1070820, 1060567, 15926863, 1011645, 917033]"
887,"[1055646, 1071939, 987562, 978077, 13416351]"
888,"[1082185, 1082185, 826249, 826249, 1098066]"
889,"[1082185, 1082185, 859075, 1126899, 1126899]"
891,"[908531, 860776, 1023027, 9527158, 7167218]"
893,"[981760, 1093113, 6602590, 6039740, 1034522]"
894,"[1037451, 860776, 834484, 874149, 1055646]"
895,"[1082185, 1082185, 1082185, 868888, 5995603]"
897,"[926646, 861445, 1139830, 17329948, 986912]"
898,"[845208, 847982, 848319, 1029743, 824005]"
900,"[1068719, 1082185, 986912, 879393, 879393]"
903,"[1055646, 942166, 819765, 903350, 1047769]"
904,"[994928, 1013641, 965543, 1058942, 951746]"
906,"[1082185, 994928, 6979248, 858743, 15716719]"
907,"[923746, 849843, 838097, 1057260, 859075]"
908,"[1082185, 1082185, 1022254, 1126899, 848319]"
909,"[849843, 962782, 1047226, 1029504, 905913]"
911,"[1082185, 981760, 12384365, 10344585, 976955]"
913,"[981760, 820165, 1082185, 841220, 1070820]"
914,"[1073150, 1107553, 1107553, 9575181, 1051069]"
915,"[961554, 1057260, 1057260, 1043006, 1055646]"
916,"[833025, 1047226, 995785, 826144, 855468]"
919,"[961554, 917277, 991379, 927191, 927191]"
920,"[1133018, 1133018, 1106523, 1123792, 994685]"
922,"[961554, 1076176, 1078011, 1043301, 834484]"
924,"[995242, 995242, 13841744, 6773238, 5591038]"
926,"[845208, 1117514, 1104343, 1069621, 925854]"
927,"[923746, 962118, 1055646, 1058997, 1058997]"
928,"[840361, 1119051, 1003600, 995876, 899203]"
929,"[840361, 1070015, 1070015, 1070015, 1070015]"
930,[917033]
931,"[864774, 1082185, 1029743, 13115579, 15717057]"
934,"[1082185, 1082185, 1082185, 961554, 995242]"
935,"[861973, 1124729, 951593]"
936,"[908531, 1072330, 995242, 995242, 962229]"
937,"[961554, 5586942, 5585186, 5578494, 5586642]"
939,"[1082185, 1082185, 840361, 839438, 1029743]"
940,"[826249, 1113792, 995242, 995242, 973889]"
941,"[961554, 1126252, 1094924, 1092588, 1009187]"
942,"[10204392, 1075820, 6534178]"
943,"[909894, 5592931, 5592931, 6034966, 868075]"
944,"[845705, 1084331, 820165, 873916, 1013187]"
946,"[1082185, 909894, 923746, 994928, 859075]"
947,"[979707, 1066289, 1106896, 1120213, 12731544]"
949,"[1082185, 833025, 833025, 961554, 826249]"
951,"[825618, 1029743, 1029743, 1082185, 883404]"
952,"[909894, 995242, 973889, 919644, 883404]"
953,"[849843, 840601, 1133072, 1092026, 851057]"
954,"[1525087, 1573931, 1479134, 1508314, 1589676]"
955,"[821344, 1091499, 860703, 1079292, 896369]"
956,"[909894, 849843, 849843, 849843, 849843]"
957,"[840361, 909894, 909894, 849843, 840601]"
959,"[1029272, 15863716, 12812474, 7433222, 9553023]"
960,"[1058997, 862349, 1036347, 6979437, 1053016]"
961,"[849843, 860975, 1029743, 920002, 944454]"
964,"[1048440, 962229, 7407023, 929668, 982493]"
965,"[847982, 1038217, 1065211, 1029743, 961791]"
967,"[820291, 15964293]"
968,"[1082185, 1082185, 1082185, 859075, 859075]"
969,"[981760, 1029743, 1029125, 1055499, 1017220]"
971,"[1133018, 898212, 1122568, 906844, 6602697]"
972,"[862349, 13008334, 868319, 868319, 868319]"
973,"[1082185, 8118764, 1061220, 896085, 13654702]"
974,"[6534178, 6534178]"
975,"[948420, 948420, 919180, 1082185, 1082185]"
976,"[1058997, 1058997, 1082185, 1082185, 1082185]"
978,"[13115579, 857538, 1109370, 1096317, 1069415]"
979,"[898847, 1082185, 1082185, 8066803, 1051516]"
981,"[1082185, 995242, 897125, 951590, 954651]"
982,"[962229, 962229, 962229, 1044078, 844179]"
983,"[1082185, 847982, 847982, 985893, 965766]"
984,"[1091499, 1044599, 1013321, 1013187, 1039682]"
985,"[909894, 908531, 1135995, 1064892, 1056746]"
986,"[826249, 1056762, 995242, 995242, 1065593]"
987,"[7155863, 12810464, 7139529]"
988,"[1027874, 865330, 1096036, 852182, 16809433]"
989,"[1098692, 849843, 927191, 1089766, 1089766]"
991,"[962820, 882305]"
992,"[12262832, 1028816, 5995312, 1005186, 909714]"
993,"[1082185, 1082185, 995242, 1129576, 914190]"
996,"[1082185, 1082185, 1133018, 1098066, 1082735]"
997,"[916122, 926823, 10284865]"
998,"[908531, 962206, 995242, 1133018, 940631]"
999,"[1048440, 820361, 15511891, 868401, 15926775]"
1000,"[910439, 995242, 1056746, 1133018, 6772684]"
1001,"[6533936, 1083599, 986912, 1035836, 6443018]"
1003,"[1118033, 950030, 929363, 6514009, 1119993]"
1004,"[995242, 995242, 870547, 17903419, 1054262]"
1005,"[1101449, 1101449, 1101449, 961554, 847982]"
1007,"[1082185, 1095186, 1115098, 888054, 12324841]"
1008,[957374]
1010,"[1082185, 1116624, 9527323, 1055072, 1008675]"
1011,"[1043064, 894511, 995785, 1133072, 1058997]"
1012,"[1082185, 1065593, 961554, 1073150, 962568]"
1014,[6534077]
1015,"[10455984, 1096036, 1003188, 1013321, 1030819]"
1018,"[1070820, 922561, 883068, 13115813, 952317]"
1019,"[840361, 840361, 860776, 844165, 1053690]"
1020,"[1082185, 1082185, 845208, 995242, 826249]"
1021,"[1110572, 10345155, 833723, 833723, 10121610]"
1023,"[920002, 962274, 1084591, 1084591, 1044259]"
1024,"[860776, 1133018, 961554, 1038217, 1056509]"
1025,"[927191, 887691, 1108092, 1058779, 1126895]"
1027,"[1081479, 1013321, 1041390, 12352201, 850159]"
1029,"[840361, 12731714, 940980, 852235, 9553047]"
1030,"[923746, 1082185, 1135834, 873887, 1045586]"
1034,"[981760, 907647, 938690, 1122790, 1136373]"
1038,"[936634, 1106523, 5568197, 902181]"
1039,"[1091499, 5584847, 5585186, 867668, 5585636]"
1040,"[1082185, 1000707, 1055853, 997506, 6396566]"
1041,"[860975, 1091499, 987562, 1054262, 1106523]"
1042,"[995242, 859075, 856252, 1059891, 986947]"
1043,"[12527524, 2063087, 1920690, 1967734, 2008406]"
1045,"[1082185, 995242, 979707, 897306, 1136257]"
1046,"[1055863, 823862, 1011920, 9297575, 1068291]"
1047,"[1096014, 938768]"
1050,"[923746, 1073150, 1037894, 1093721, 15926886]"
1051,"[981760, 989935, 975644, 847982, 958137]"
1053,"[860776, 995785, 1055646, 962568, 834484]"
1057,"[5584007, 5584007, 5585635, 5588666, 1082185]"
1058,"[1069175, 1069175, 882441, 833715, 1013615]"
1060,[1404121]
1061,"[923746, 923746, 1056762, 1061220, 1061220]"
1062,"[826249, 849843, 910291, 960142, 852317]"
1064,"[1074405, 849843, 12185599, 1055646, 862349]"
1066,"[1082185, 1082185, 995242, 981760, 820165]"
1067,"[833025, 981760, 961554, 821344, 1048440]"
1068,"[13841744, 1088835, 937845, 1133018, 1030819]"
1069,"[923746, 1029743, 962229, 1055646, 1016709]"
1070,"[1124694, 938700, 908846, 836281, 960142]"
1071,"[994928, 1119879, 920308, 1072330, 849843]"
1073,"[995242, 916381, 1058997, 979707, 970409]"
1074,"[1058997, 859075, 834484, 1082185, 995785]"
1075,"[1023958, 995242, 1070015, 913785, 15926886]"
1076,"[951197, 1135681, 984680, 984680, 863519]"
1077,"[840361, 840361, 995242, 9419441, 1100368]"
1078,"[904360, 840361, 1037451, 834484, 825494]"
1080,"[961554, 1025650, 5592993, 1082735, 976300]"
1081,"[845208, 981760, 981760, 1055646, 822259]"
1082,"[826249, 15926844, 1133018, 1133018, 1133018]"
1083,"[942525, 934434, 9575186, 17214759, 839419]"
1084,"[953476, 951590, 981521, 918733, 1039566]"
1085,"[860776, 1013321, 938700, 952317, 1029743]"
1086,"[923746, 962229, 1083846, 954363, 829323]"
1087,"[962229, 1106523]"
1088,"[1066289, 865330, 1053931, 955910, 909638]"
1089,"[826249, 7440665, 6463658, 821083, 1009567]"
1090,"[1025650, 1101956, 6034249, 1051516, 866227]"
1091,"[899624, 1076199, 6534178]"
1092,"[908531, 1110572, 1111072, 1125197, 868075]"
1093,"[833025, 840361, 840361, 826249, 826249]"
1094,"[1082185, 845208, 981760, 1073150, 995242]"
1096,"[10456655, 999250]"
1097,"[923746, 1051305, 931870, 992622, 943076]"
1098,"[909894, 961554, 908531, 908531, 834484]"
1100,"[951590, 12517411]"
1102,"[923746, 860776, 1082185, 1082185, 847270]"
1103,"[1126899, 1126899, 944466, 871754, 855356]"
1104,"[1092552, 892008, 1045710, 1115576, 842926]"
1105,"[1043064, 973868, 1105623, 908846, 1029504]"
1106,"[995242, 13212996, 13213410, 868764, 868764]"
1108,"[833025, 1081853, 1077555, 1057260, 1027421]"
1109,"[981760, 867668, 1058997, 1082185, 1065593]"
1110,"[1775642, 1860071, 1857658, 17252607, 1995195]"
1111,"[1025650, 981944, 981944, 860776, 953134]"
1112,"[8203451, 921744, 1010681, 990688, 1112035]"
1113,"[1082185, 1082185, 961554, 834484, 1041259]"
1114,"[861272, 881608, 870547, 883404, 10204822]"
1115,"[9297191, 1104195, 5569471, 6534178]"
1117,"[923746, 1029743, 932888, 1106445, 13413276]"
1119,"[1075074, 948254, 1082185, 1082185, 883404]"
1120,"[995785, 1103556, 1017195, 6034221, 13115897]"
1121,"[995242, 995242, 962229, 1005609, 15926844]"
1123,"[962229, 981760, 1058997, 840227, 10121965]"
1124,"[840601, 995785, 1039589, 953320, 1095068]"
1127,"[15926844, 869195]"
1128,"[1082185, 1056762, 849843, 1071333, 979746]"
1129,"[995785, 1137688, 1006342, 850058, 882247]"
1130,"[1082185, 859075, 935993, 923746, 923746]"
1131,"[1096036, 1055646, 920308, 874736, 870547]"
1132,"[981760, 1111839, 913785, 1133018, 5592931]"
1133,"[1074271, 864615, 9296848, 10281600, 868546]"
1134,"[981760, 1075074, 991435, 983278, 862349]"
1135,"[995242, 995242, 995242, 994928, 994928]"
1136,"[867668, 1038217, 1118533, 1133018, 10121965]"
1137,"[1082185, 1082185, 994928, 909894, 909894]"
1138,"[15926886, 15926886, 1120741, 1120741, 1120741]"
1139,"[862349, 859592, 952317, 10121610, 1082185]"
1141,"[908531, 995242, 922907, 883404, 1085333]"
1142,"[995242, 1082185, 1082185, 981760, 1074405]"
1145,"[833025, 904360, 994928, 1133018, 8019716]"
1146,"[1082185, 1013321, 1106523, 1033615, 1033615]"
1147,"[962229, 1106523, 1106523, 1106523, 870547]"
1149,"[1135681, 898572, 16809317]"
1151,"[923746, 834484, 840361, 1056746, 938700]"
1152,"[994928, 867668, 1128665, 882830, 941183]"
1154,"[934427, 934427, 821083, 908531, 908531]"
1155,"[961554, 821344, 1077703, 995785, 1038217]"
1157,"[1000621, 1119841, 13986534, 13986272]"
1158,"[1133018, 1072330, 1082185, 1125904, 1049735]"
1159,"[1082185, 7151074, 7151074, 7151074, 1044259]"
1160,"[981760, 1082185, 1133018, 1133018, 1068719]"
1161,"[879755, 972894, 1126252, 1011572, 1069635]"
1163,"[17291608, 17291203, 995242, 1082185, 15926886]"
1164,"[1082185, 995785, 13654702, 1034686, 1055853]"
1166,"[1082185, 1082185, 1082185, 995242, 995242]"
1167,"[1082185, 1082185, 938700, 840361, 999971]"
1168,"[908531, 995242, 924760, 1031906, 870871]"
1169,"[1082185, 859075, 1088835, 849843, 1013321]"
1171,"[981760, 1123420, 995785, 963502, 1014802]"
1172,"[923746, 1029743, 963686, 883404, 827180]"
1174,[15971810]
1175,"[962266, 962266, 8066803, 8066803, 955921]"
1176,"[1027874, 1133018, 995242, 882441, 15717057]"
1178,"[1096343, 1082185, 995242, 994928, 1104343]"
1179,"[962229, 962229, 961554, 847982, 995242]"
1180,"[923746, 955043, 994928, 849843, 849843]"
1182,"[955043, 874736, 995242, 1120741, 1030819]"
1183,"[965719, 1081479, 908531, 961554, 937571]"
1185,"[920308, 995852, 926065, 849843, 873654]"
1186,"[14106445, 1098844, 1098844, 1011300, 1126899]"
1187,"[7167249, 1051305, 9527158, 9527158, 7167219]"
1188,"[1107661, 15926886, 923746, 981760, 1139184]"
1189,"[855672, 820165, 821083, 992529, 1120443]"
1190,"[928263, 995242, 1029743, 1068719, 1074524]"
1191,"[981760, 952254, 834484, 964262, 995785]"
1192,"[995242, 995242, 1131351, 1559515, 1136257]"
1193,"[955043, 866140, 976955, 937845, 15926886]"
1194,"[981760, 994928, 1043006, 972569, 1032549]"
1195,"[840601, 995242, 995242, 916381, 13841744]"
1196,"[834484, 1014802, 822431, 909487, 944466]"
1197,"[856252, 1029743, 921744, 1087916, 1137775]"
1198,"[926065, 1105623, 1093403, 915064, 12384177]"
1201,"[1031740, 1096958, 1117249]"
1202,"[5585727, 1020682, 5567148, 5995603, 1128539]"
1203,"[826249, 1070015, 1133018, 1115874, 7410290]"
1204,"[962229, 987562, 9677886, 892500, 845193]"
1205,"[962229, 849843, 995242, 6034966, 1001728]"
1206,"[981760, 1085137, 962229, 834484, 900802]"
1207,"[1133018, 995242, 1128665, 953476, 879948]"
1208,[6534178]
1209,"[1120741, 883404, 10254377, 1033403, 15452631]"
1210,"[962274, 860776, 860776, 963502, 963502]"
1211,"[981760, 981760, 862349, 1059930, 15926927]"
1214,"[12693843, 942045]"
1216,"[1065593, 999625, 8204353, 9858742, 13115666]"
1217,"[847982, 908531, 1048440, 891405, 935284]"
1218,"[15926844, 1082185, 1070820, 855325, 844165]"
1219,"[1133018, 860975, 1044078, 1044895, 934369]"
1221,"[1110572, 1029743, 949294, 1070076, 1072494]"
1222,"[937413, 860776, 848319, 1098066, 1055646]"
1223,"[1029743, 999971, 1082627, 9837153, 861641]"
1224,"[971325, 1094585, 1043590, 951590, 15629778]"
1225,"[1074271, 874058, 840601, 932298, 927191]"
1226,"[859075, 908846, 833025, 1070015, 1070015]"
1227,"[15926886, 1115874, 1082185, 1026699, 840227]"
1228,"[961554, 1082185, 1082185, 1133018, 1133018]"
1229,"[845208, 845208, 1082185, 961554, 1070820]"
1230,"[969231, 893501, 13213344, 1107373, 1134222]"
1231,"[994928, 826249, 970119, 995242, 1055646]"
1234,"[995242, 13654702, 859592, 970119, 923746]"
1236,[1052214]
1238,"[1000908, 908531, 962229, 995242, 995242]"
1240,"[1082185, 1082185, 1082185, 1082185, 856345]"
1241,"[981760, 981760, 1000908, 908213, 913785]"
1242,"[962568, 966358, 946681, 5591083]"
1245,"[981760, 981760, 920308, 920308, 870980]"
1246,"[826790, 938700, 13115637, 879734, 1064380]"
1247,"[845208, 1029743, 1029743, 1029743, 826249]"
1248,"[1022981, 870547, 1082185, 7409664, 905913]"
1249,"[931532, 1030819, 1135959, 1071554, 956609]"
1252,"[970119, 1089954, 1009368, 1025641, 843756]"
1255,"[5580793, 945756, 12525019]"
1256,"[1085435, 1085435, 1137688, 1082185, 1033142]"
1257,"[994928, 961554, 961554, 1117336, 1117336]"
1258,"[10121965, 10121965, 883932, 1040693, 1075074]"
1259,"[826249, 970119, 1126870, 1058997, 15926775]"
1260,"[1082185, 1082185, 1058997, 1058997, 840361]"
1261,"[1126310, 1126310, 840227, 845705, 860975]"
1262,"[1030819, 821083, 1114128, 915621, 1029743]"
1263,"[1011298, 9527424, 874972, 980259, 877017]"
1264,"[1014388, 839849, 15573558, 1038703]"
1265,"[840361, 995242, 860975, 1070716, 1082185]"
1266,"[7167249, 7167249, 840601, 1076875, 889731]"
1267,"[953476, 961554, 862349, 1110142, 1092424]"
1269,"[960984, 1115874, 12731714, 967395, 12524174]"
1270,"[1106523, 908846, 1041259, 1083846, 1137688]"
1271,"[1072330, 1072330, 834484, 1120362, 1038217]"
1272,"[821083, 821083, 6602697, 995242, 1096343]"
1274,"[9419441, 861272, 13945244, 909338, 859237]"
1277,"[923746, 971325, 1055853, 997506, 1093359]"
1278,"[932298, 937845, 939527, 13877256, 1103902]"
1279,"[981760, 907014, 1106523, 1043590, 969866]"
1280,"[1058997, 1022433, 925579, 12384952, 7442180]"
1281,"[1048440, 913785, 1070015, 1070015, 882830]"
1282,"[981760, 1070015, 952981, 1033615, 1084331]"
1283,"[849843, 849843, 938700, 15972479, 15717045]"
1284,"[920308, 920308, 15926886, 15926886, 909338]"
1285,"[916122, 916122, 15926886, 1035676, 1065593]"
1287,"[826249, 1065556, 861272, 861272, 9527158]"
1288,"[923746, 862349, 999971, 1058754, 998741]"
1289,"[1037894, 927191, 866172, 1121410, 868971]"
1290,"[981760, 971165, 860776, 1074524, 979239]"
1291,"[897306, 1121360, 882013, 991592, 991592]"
1293,"[1025650, 1111839, 1111839, 1111839, 1088835]"
1294,"[909894, 840361, 840361, 961554, 953134]"
1295,[911778]
1296,"[930917, 889649, 995242, 995242, 879948]"
1297,"[1082185, 1117514, 15926886, 847270, 847270]"
1298,"[923746, 955043, 866140, 961554, 962118]"
1299,"[883404, 1105623, 897125, 823758, 847789]"
1300,"[1082185, 923746, 840361, 1058997, 1058997]"
1303,"[961554, 849843, 1125197, 14106445, 1029737]"
1304,"[869604, 990440, 15971574, 15926725, 931324]"
1305,"[1106523, 840361, 1133018, 1133018, 5569230]"
1306,"[961554, 840361, 10312139, 1108131, 1082185]"
1307,"[13511722, 1110572, 1137688, 1137688, 1082185]"
1310,"[849843, 910745, 1058997, 931297, 9833656]"
1312,"[7160231, 1114597, 847270, 1050229, 6979222]"
1313,"[1029743, 1024629, 1013407, 1048462, 991747]"
1314,"[953476, 896369, 976864, 1029743, 1005849]"
1316,"[1085604, 1036431, 1106076, 15506691, 6544219]"
1317,"[909396, 835694, 1053690, 827667, 1138292]"
1318,"[1050229, 821083, 821083, 1081189, 1081189]"
1319,"[1035836, 995242, 995242, 995785, 874149]"
1321,"[1133018, 1133018, 1082185, 923746, 923746]"
1325,"[833025, 961554, 820165, 839747, 908940]"
1326,"[1029743, 1029743, 1029743, 1029743, 860776]"
1328,"[923746, 981760, 908213, 1069175, 931532]"
1329,"[995242, 16766191]"
1330,"[1020156, 962229, 1055646, 1005609, 15926844]"
1331,"[1031316, 1026891]"
1332,"[874736, 948420, 1110572, 912287, 866227]"
1333,"[1082185, 1082185, 1053988, 13841744, 13841744]"
1334,"[1138189, 1055646, 10312139, 1074524, 823758]"
1335,"[994928, 1043035, 862349, 1042571, 1089392]"
1336,"[833025, 833025, 981760, 981760, 981760]"
1337,"[923746, 1029743, 883404, 883404, 1082185]"
1338,"[994928, 994928, 1012816, 870980, 870980]"
1340,"[929309, 866227, 889362, 896085, 1054047]"
1342,"[949294, 852080, 6534178]"
1343,"[1078346, 15717057, 1131400, 1026737, 912681]"
1344,"[840361, 995242, 865891, 898847, 1082185]"
1346,"[1003441, 872729, 890610, 1118393, 10456655]"
1347,"[1119879, 1107553, 935959, 860776, 1071333]"
1350,"[849843, 882441, 1132770, 1120741, 883404]"
1351,"[923746, 1133018, 1133018, 1133018, 860975]"
1352,"[900802, 1033846, 862349, 1011645, 845262]"
1353,"[833025, 833025, 1081479, 840361, 1017041]"
1354,"[1082185, 995242, 995242, 995242, 820165]"
1355,"[847982, 8019716, 12670635, 943393, 1075313]"
1356,"[981760, 1119879, 961554, 1022843, 862308]"
1357,"[13511722, 860975, 5582789]"
1358,"[955043, 955043, 995242, 995242, 995242]"
1359,"[840361, 1077703, 834484, 874058, 859618]"
1360,"[1043958, 988208, 1082185, 853041, 877798]"
1361,"[867668, 15452705, 13511494, 929484, 1022428]"
1362,"[944376, 7169088, 992077, 992077, 862331]"
1363,"[981760, 981760, 961554, 979707, 953476]"
1364,"[1082185, 1082185, 1047226, 1043064, 1135834]"
1366,"[8203451, 840361, 840361, 849843, 849843]"
1367,"[1070820, 1070820, 1070820, 1013321, 961554]"
1368,"[834484, 1055646, 860776, 927191, 855672]"
1369,"[1082185, 1082185, 981760, 981760, 1011645]"
1370,"[1098066, 994928, 994928, 979707, 979707]"
1373,"[13095529, 13416930, 12781924, 12781606, 9487446]"
1374,"[1133018, 901403, 991844, 6979393, 1043590]"
1375,"[965719, 12263234, 1034499, 995785, 1081853]"
1376,"[899624, 6534077, 908531, 994928, 938700]"
1378,"[1082185, 1082185, 1082185, 1014802, 1013770]"
1379,"[981760, 981760, 981760, 981760, 981760]"
1380,"[1111072, 1000148, 1115553, 906449, 920740]"
1381,"[1133018, 15717057, 13213121, 828557, 18004970]"
1382,"[1052912, 899624]"
1383,"[1121862, 836281, 972569, 972569, 995785]"
1384,"[923746, 849843, 882441, 882441, 1133018]"
1385,"[1037894, 935959, 1044895, 834833, 1112754]"
1387,"[844165, 7025106, 1017369, 1017369, 1096261]"
1388,"[1068719, 1098066, 1076875, 1133072, 1128016]"
1389,"[1082185, 981760, 1098844, 1058997, 1123720]"
1390,"[995242, 934369, 952317, 1085604, 1029743]"
1391,"[961554, 994928, 13213108, 13213339, 833025]"
1393,"[1082185, 1082185, 820165, 820165, 820165]"
1394,"[860776, 981760, 961554, 1082185, 1031906]"
1395,"[1058997, 9526313, 1041476, 992990, 1130763]"
1397,"[909894, 860975, 1023958, 883404, 883404]"
1398,"[1056762, 918462, 921836, 856772, 1068719]"
1399,"[5568072, 13095243, 15452821, 10456179, 855708]"
1401,"[1008316, 850157, 5592931, 896369, 973861]"
1402,"[840361, 840361, 1106523, 849843, 12949872]"
1403,"[870547, 1069979, 951590, 1116741, 5569230]"
1405,"[981760, 961554, 849843, 849843, 822785]"
1406,"[834484, 845262, 1119051, 883404, 970409]"
1408,"[1107951, 10149265, 1092045]"
1409,"[908531, 834484, 1077555, 995785, 1133018]"
1410,"[15926844, 1088634, 1089381, 1102959, 1101290]"
1412,"[1029743, 1029743, 1082185, 1082185, 833715]"
1413,"[870547, 906262, 9187298, 1054383, 6396304]"
1414,"[1081853, 1043301, 921744, 8119319, 859010]"
1417,"[908531, 859618, 1078346, 1077555, 989101]"
1418,"[826249, 1082185, 995785, 1101173, 1054262]"
1419,"[909894, 840361, 1039156, 1133018, 1133018]"
1421,"[1082185, 1082185, 962229, 995242, 981760]"
1423,"[5981267, 12810484, 927080, 8358471]"
1425,"[995242, 995242, 859075, 1098066, 1037894]"
1426,"[860776, 995242, 1059308, 844165, 1039156]"
1427,"[833025, 923746, 826249, 826249, 1043006]"
1428,"[860776, 1131974, 961554, 15926886, 1105623]"
1429,"[1058997, 1058997, 906763, 990656, 7168383]"
1430,"[856345, 1126899, 1126899, 1126899, 883202]"
1431,"[866140, 1110572, 1110572, 1110572, 1110572]"
1434,"[994928, 1058686, 927191, 927191, 995242]"
1437,"[856252, 847982, 995242, 1013321, 827180]"
1440,"[950824, 847982, 952981, 893868, 1080110]"
1443,"[833025, 842140, 1130397, 906844, 906844]"
1445,"[826249, 826249, 859075, 1068651, 15506577]"
1447,"[976955, 1079542, 1063265, 1013321, 946308]"
1450,"[995785, 1002558, 836952, 1099270, 7409874]"
1451,"[1082185, 883404, 1029743, 1111072, 862349]"
1452,"[1013928, 1013928, 1058779, 935546, 1007136]"
1453,"[1082185, 1022254, 994685, 1058997, 979707]"
1454,"[1082185, 1082185, 1082185, 1082185, 979707]"
1457,"[861272, 1038217, 1033615, 1133018, 987724]"
1458,"[1055646, 971325, 10121965, 13213552, 12988031]"
1459,"[1043920, 824157, 825731, 936355, 830887]"
1461,"[995242, 995242, 1029743, 849843, 1105917]"
1462,"[1082185, 1082185, 995242, 1098844, 825618]"
1463,"[905913, 1093721, 1124100, 885858, 897120]"
1464,"[994928, 908531, 823758, 891405, 1055646]"
1465,"[989157, 844441, 909487, 9859182, 842286]"
1466,[827180]
1467,"[986912, 986912, 1037894, 1037894, 10345155]"
1470,"[995242, 995242, 995242, 862349, 862349]"
1471,"[908531, 1073150, 868971, 862349, 1082185]"
1473,"[961554, 15926886, 973889, 1059308, 9445919]"
1474,"[1110572, 1061220, 1065593, 845705, 5568191]"
1475,"[833025, 862349, 862349, 987724, 951197]"
1476,"[995242, 995242, 995242, 995242, 9526892]"
1479,"[995242, 995242, 994685, 962229, 1076056]"
1480,[1010112]
1481,"[981760, 995242, 951590, 1068719, 833715]"
1483,"[5569230, 5569230, 849843, 849843, 1082185]"
1484,"[1082185, 1082185, 1082185, 1058997, 1058997]"
1485,"[989101, 921744, 1013641, 1082185, 1106523]"
1487,"[1058930, 916381, 896369, 1013321, 889774]"
1488,"[1022119, 953476, 923746, 1029743, 1082185]"
1489,"[981760, 981760, 1000908, 1000908, 908531]"
1490,"[981760, 15926886, 1046465, 995242, 995242]"
1491,"[1082185, 1029743, 820165, 820165, 820165]"
1492,"[920308, 1088835, 1111839, 1029743, 972312]"
1493,[908531]
1494,"[995242, 1002558, 883404, 981521, 1122115]"
1495,"[1025650, 995785, 907014, 855468, 855468]"
1499,"[14106445, 12810464, 908318, 985999, 16809545]"
1500,"[15926844, 985119, 1112754, 862349, 1108131]"
1501,"[860776, 860776, 834484, 834484, 961554]"
1502,"[866140, 908531, 850157, 979707, 828935]"
1506,"[866140, 860776, 860776, 860776, 860776]"
1507,"[15926844, 13841744, 879755, 1106523, 954363]"
1508,"[909894, 1058997, 1058997, 1082185, 1082185]"
1509,"[1082185, 1082185, 1029743, 1029743, 1029743]"
1510,"[8203451, 834103, 937571, 840601, 15926886]"
1511,"[895540, 952317, 862682, 1018339, 824305]"
1512,"[1058997, 915621, 1082185, 925626, 968146]"
1513,"[1139184, 895540, 1119051, 1026063, 908643]"
1514,"[1055646, 1058997, 956672, 1126899, 1126899]"
1515,"[1077143, 1029504, 15717057, 864279, 861445]"
1517,"[981760, 908531, 862349, 1110793, 1074405]"
1518,"[981760, 962229, 985119, 1033615, 1029743]"
1519,"[971165, 849843, 860776, 1038217, 820560]"
1520,"[826249, 995242, 1133072, 1071939]"
1521,"[994928, 826249, 1133018, 825541, 922907]"
1523,"[923746, 870980, 874736, 995242, 1077555]"
1524,"[865156, 822739, 1095751, 973086, 840361]"
1525,"[923746, 840361, 847982, 849843, 1074271]"
1526,"[994928, 904360, 916767, 1077555, 1020682]"
1527,"[859075, 1029743, 1029743, 981760, 981760]"
1528,"[995242, 908531, 908531, 1029743, 983584]"
1529,"[1098248, 961554, 860776, 1082185, 1022119]"
1530,"[961554, 820165, 1082185, 907099, 936830]"
1531,"[961554, 1055853, 1113189, 862139, 1082185]"
1532,"[860776, 1056746, 995242, 979707, 826790]"
1533,"[883404, 1006573, 819227, 1005637, 1127863]"
1534,"[1082185, 1070820, 1070820, 923746, 923746]"
1535,"[1135868, 8203451, 1138189, 1138189, 909894]"
1536,"[840361, 981760, 951197, 1108131, 10121965]"
1537,"[1029743, 923746, 1106523, 1106523, 1096036]"
1539,"[949294, 999965, 9931566]"
1540,"[874736, 874736, 1038217, 879948, 883404]"
1541,"[976955, 898212, 845705, 15926844, 1029743]"
1542,"[994928, 1035843, 1063265, 965543, 1133018]"
1543,"[833025, 1088191, 1037340, 937571, 1074524]"
1545,"[1106523, 13382402, 948468, 1045337, 933719]"
1546,"[909894, 5584027, 953476, 922307, 5585639]"
1547,"[824546, 909894, 820361, 995242, 995242]"
1548,"[908531, 874058, 13841744, 995242, 916381]"
1549,"[840361, 849843, 849843, 969866, 8160168]"
1550,"[994928, 840361, 840361, 834103, 985119]"
1552,"[820361, 1044068, 838487, 1045080, 1029743]"
1553,"[981760, 908531, 995785, 995134, 1033142]"
1555,"[888054, 856687, 831559]"
1556,"[995242, 1065556, 912287, 1014948, 880150]"
1557,"[1082185, 1106523, 1133018, 1072843, 866227]"
1558,"[826249, 839438, 839438, 1029743, 1088393]"
1559,"[861272, 895268, 1053690, 1053690, 1082990]"
1560,"[1081479, 1098066, 1092937, 1021519, 965766]"
1563,"[1038217, 981760, 15926886, 1107661, 1138189]"
1564,[1004906]
1566,"[994928, 1028816, 1028816, 1102959, 1136257]"
1567,"[1082185, 834484, 1133018, 908213, 862682]"
1568,"[898847, 907647, 1098066, 833025, 1133018]"
1569,"[931532, 931532, 870980, 1132770, 850157]"
1570,"[13842090, 852650]"
1571,"[981760, 1024879, 12384952, 12385554, 8090509]"
1572,"[1082185, 1098066, 826249, 1116821, 1013389]"
1575,"[900802, 862349, 862349, 820165, 820165]"
1576,"[981760, 961554, 834484, 1110142, 1056746]"
1577,"[1006483, 1038462, 6979753, 6534178, 876570]"
1578,"[995785, 1022981, 1110042, 1012816, 1038217]"
1579,"[833025, 1085137, 840361, 961554, 908531]"
1580,"[1027447, 962118, 896369, 851508, 857849]"
1581,"[826249, 9337369, 855468, 883404, 1029743]"
1584,"[840361, 13841744, 1058779, 1053690, 1029743]"
1585,"[1082185, 848319, 1056509, 942817, 840361]"
1587,"[840361, 1088387, 5565392, 831509, 1006878]"
1588,"[908531, 1082185, 820165, 845208, 901062]"
1590,"[1056762, 961554, 906017, 1074405, 860776]"
1591,"[916993, 916993, 916993, 896085, 862349]"
1592,"[8011282, 12384365, 7466806, 8011285, 869622]"
1593,"[981760, 840361, 962229, 943141, 995242]"
1594,"[16809471, 906262, 1106523, 1106523, 5590695]"
1595,"[1084331, 1038985, 1082185, 1110042, 1110042]"
1596,"[826249, 861272, 820165, 12171656, 8160430]"
1598,"[826249, 826249, 847982, 834103, 860776]"
1599,"[840361, 1038217, 927191, 891405, 827271]"
1600,"[934427, 1108131, 896974, 960791, 1075007]"
1602,"[1044259, 1044259, 995242, 862349, 862349]"
1604,"[1051211, 1051211, 974108, 1022003, 7440663]"
1607,"[1074524, 1074524, 989157, 1053690, 1053690]"
1608,"[822677, 8011397, 8011282, 1017061, 862349]"
1609,"[866211, 866211, 866211, 951590, 916122]"
1611,"[981760, 981760, 1061220, 950824, 927191]"
1612,"[923746, 13115493, 970119, 13115903, 948420]"
1614,"[1003188, 1082185, 6391086, 999250, 823862]"
1618,"[862349, 981760, 955921, 1082185, 901062]"
1619,"[981760, 834484, 834484, 860776, 905913]"
1620,"[13511722, 849843, 955043, 1013770, 1038217]"
1621,"[994928, 849843, 849843, 850157, 1038217]"
1622,"[981760, 5589247, 5587502, 995242, 5588121]"
1623,"[905868, 840361, 985119, 1033615, 985427]"
1624,"[929433, 991379, 991379, 937566, 1086384]"
1627,"[927191, 861184, 976998, 896672, 880427]"
1628,"[1037894, 1074524, 1058997, 1094619, 15926927]"
1630,"[923746, 865026, 1135834, 873874, 972312]"
1631,"[1082185, 1029743, 1029743, 1013321, 1084331]"
1632,"[15926842, 6534178, 9487782]"
1633,"[845208, 995242, 981760, 1082185, 1082185]"
1634,"[995242, 995242, 859075, 862349, 883404]"
1636,"[826249, 819840, 860776, 1088835, 931532]"
1637,"[981760, 860776, 13189983, 1039156, 828479]"
1638,"[994928, 862349, 1055646, 972894, 1123792]"
1640,"[994928, 1061220, 1106523, 1093603, 12524174]"
1641,"[1076875, 995785, 891405, 921836, 1135310]"
1642,"[995785, 1133018, 1133018, 845208, 1037863]"
1643,"[1107553, 1076875, 1085604, 1085604, 879755]"
1644,"[1042774, 397896, 259120]"
1645,"[849843, 920308, 1093721, 854754, 1106091]"
1646,"[847789, 1070820]"
1647,[6979578]
1648,"[15596954, 1011876, 877662, 1064755, 848329]"
1649,"[1082185, 1133018, 1094924, 903325, 1025641]"
1650,"[1071939, 962568, 950550, 13039088, 890882]"
1651,"[9526993, 980263, 10285454, 825064, 876827]"
1652,"[1029743, 1106523, 1066893, 1034176, 15798066]"
1653,"[1098844, 1117514, 1029743, 1029743, 1082185]"
1654,"[887102, 6534178, 6534178]"
1657,"[833715, 916381, 916381, 1133018, 1037863]"
1658,"[1078011, 995785, 995785, 938566, 838487]"
1659,"[833025, 961554, 1096343, 838010, 1105623]"
1660,"[826249, 6463658, 822966, 1043590, 15928087]"
1662,"[1055425, 12988031, 1088910, 6552637, 990256]"
1663,"[898980, 898980, 8160319, 900112, 1092948]"
1664,"[923746, 999730, 894511, 862349, 938566]"
1665,"[994928, 994928, 1061220, 1030040, 1038217]"
1666,"[962229, 822259]"
1668,"[857074, 15687070, 8160225, 13986271, 12781573]"
1669,"[858439, 15716445, 15716719, 15716751, 1019247]"
1672,"[851639, 6534178, 6533765]"
1673,"[849843, 1074697, 834103, 995785, 1059308]"
1676,"[888586, 888586, 860776, 921406, 961554]"
1677,"[1082185, 1082185, 1082185, 981760, 847982]"
1680,"[1082185, 840361, 909894, 859075, 1136257]"
1683,"[1088191, 847270, 969866, 1065380, 855557]"
1684,"[840361, 1073150, 995242, 1094955, 838602]"
1685,"[870780, 849315, 979239, 1029743, 1135834]"
1686,"[6919433, 849843, 1038443, 8359154, 1017325]"
1687,"[1009567, 971807, 1070910, 1042765, 1041259]"
1688,"[1103556, 1029688, 1075368, 12696090]"
1689,[1076056]
1690,"[995785, 928049, 9553176, 835004]"
1692,"[1038217, 1038217, 1085604, 1111839, 1072330]"
1693,"[1082185, 1082185, 15926844, 1070820, 995785]"
1694,"[859075, 951590, 951590, 951590, 856252]"
1695,"[1035386, 1110797, 953320, 12384479]"
1696,"[888543, 10457519, 7443130, 822346, 10149631]"
1697,"[847982, 1055646, 995134, 1071377, 5565866]"
1698,"[833025, 955043, 1022981, 1055646, 894511]"
1699,"[840361, 960142, 1013321, 1101173, 1014238]"
1700,"[1033615, 876932, 8019716, 5591038, 1055863]"
1701,"[995242, 1082185, 1118878, 5569230, 6534178]"
1703,"[923746, 1135868, 1135868, 1026346, 849843]"
1704,"[883370, 926597, 914190, 831161, 1135476]"
1705,"[1108131, 826784, 924610, 1079292, 1029743]"
1706,"[1055646, 876932, 1048440, 1133018, 1131974]"
1707,"[1080414, 1100972, 1050851, 862732, 5580793]"
1708,"[995242, 1029743, 994928, 994928, 1082185]"
1709,"[862732, 1029743, 1011300, 6919433, 979707]"
1710,"[1082185, 840361, 860776, 1133018, 995785]"
1712,"[840361, 849843, 9575181, 890882, 954006]"
1713,"[938394, 12301337, 12386050]"
1715,[9707077]
1716,"[953476, 1082185, 870547, 6391436, 1043590]"
1717,"[995242, 870547, 14077333, 899682, 1046689]"
1718,"[10312139, 883404, 935284, 6391436, 1019247]"
1719,"[923746, 863506, 932298, 913785, 1085604]"
1720,"[826249, 1133072, 1082185, 1082185, 859075]"
1721,[970248]
1722,"[860776, 840361, 1058997, 1058997, 994928]"
1723,"[820165, 922561, 832001, 17179752, 17179752]"
1724,"[1121862, 5586942, 5586076, 5589247, 5592931]"
1726,"[1029743, 908846, 1022254, 889731, 1100972]"
1728,"[1031864, 891505, 946396]"
1729,"[962274, 9396770, 972312, 844165, 1082185]"
1730,[6534178]
1731,"[833025, 923746, 860776, 929433, 847982]"
1732,"[1085137, 840361, 961554, 909894, 905913]"
1733,"[879755, 13842088, 894439, 6904613, 5566472]"
1734,"[879755, 1122568, 956745, 16809581]"
1735,"[833025, 981760, 994928, 860776, 1061220]"
1737,"[821344, 5584808, 871440, 5587133, 1013641]"
1738,"[981760, 1013770, 1072330, 1085604, 1066069]"
1739,"[962229, 1132770, 7167219, 1053690, 9527487]"
1740,"[1082185, 1082185, 1082185, 1082185, 1082185]"
1742,"[1081853, 829459, 829459, 829459, 864335]"
1743,"[1107553, 927291, 856772, 7155863, 898719]"
1745,"[1085333, 923746, 9911484, 1089021, 1038746]"
1747,"[9483663, 826666, 883819, 1054030, 1099089]"
1748,"[849843, 1133018, 1133018, 1106523, 1106523]"
1749,"[1029743, 951590, 951590, 862349, 862349]"
1750,"[981760, 1082185, 1131351, 1041259, 829491]"
1751,"[840361, 1053690, 1133018, 1065593, 1059969]"
1752,"[981760, 981760, 994928, 826249, 824546]"
1753,"[1051069, 866227, 1077373, 941741, 15630096]"
1754,"[833025, 923746, 923746, 1088835, 962118]"
1755,"[1047944, 1051093, 938700, 908489, 880253]"
1756,"[1065593, 952972, 5569172, 994187, 15659889]"
1758,"[849843, 908531, 844054, 1084331, 1044068]"
1759,"[923746, 1061220, 1058997, 1058997, 1074697]"
1760,"[1070820, 906838, 17291184]"
1761,"[981760, 1078011, 1133018, 1133018, 1082185]"
1762,"[1029743, 1082185, 859075, 962229, 908531]"
1763,"[1025650, 1055646, 979707, 1106523, 1084036]"
1764,"[859075, 1082185, 1058997, 1058997, 1098066]"
1765,"[1058997, 862349, 862349, 859075, 908531]"
1766,"[994928, 1023958, 938700, 880714, 1112825]"
1767,"[847982, 906262, 1094352, 1135071, 1118393]"
1768,"[900802, 994928, 873654, 907014, 1090676]"
1769,"[981760, 981760, 1031740, 1037863, 889618]"
1770,"[833025, 923746, 8203451, 874058, 874058]"
1773,"[860776, 1130468, 1058779, 1013187, 978306]"
1774,"[981760, 989935, 1055646, 1038217, 9553031]"
1775,"[1082185, 1082185, 1082185, 981760, 923746]"
1776,"[981760, 994928, 1074405, 849843, 849843]"
1778,"[852856, 6534178, 6534178]"
1779,"[909894, 862349, 1076195, 856166, 1139023]"
1780,"[1033615, 929668, 865216, 1106523, 927400]"
1781,"[961554, 861272, 908846, 1082185, 820165]"
1783,"[981760, 860776, 975644, 985427, 1078346]"
1784,"[961554, 934369, 10121965, 15506577, 1082185]"
1785,"[1082185, 1130777, 1051781, 1131321, 12696183]"
1787,"[1000908, 995242, 1114597, 847025, 885858]"
1788,"[1098844, 1092303, 995242, 995242, 866140]"
1789,"[1133018, 5565352]"
1790,"[834484, 1040781, 997096, 991844, 885795]"
1791,"[995242, 995242, 995242, 1082185, 1117514]"
1792,"[15926844, 7167218, 9575181, 7168224, 890513]"
1793,"[840361, 849843, 1020156, 1013321, 13654702]"
1794,"[849843, 1082735, 824311, 938700, 1123536]"
1795,"[1082185, 1082185, 847982, 849843, 1004906]"
1796,"[840227, 953476, 1133072, 1084331, 987562]"
1797,"[1082185, 856345, 981760, 1076954, 1112825]"
1798,"[847982, 1078011, 995785, 905913, 1082185]"
1800,"[9859182, 981677, 1082185, 1082185, 908531]"
1801,"[1085604, 1053630, 1088634, 9884698, 859010]"
1802,"[1015177, 6533394, 885290, 1109371, 1003487]"
1803,"[847982, 1022254, 1003600, 1005637, 1005637]"
1804,"[961554, 1082185, 1082185, 1082185, 981760]"
1805,"[7409999, 942369, 1005186, 1063207, 1063207]"
1806,"[1013321, 1029743, 839094, 1126899, 1057377]"
1807,"[923746, 860776, 909894, 834484, 873916]"
1808,"[1093403, 1010029, 863802, 863802, 894236]"
1809,"[840361, 860776, 1092446, 1055646, 995242]"
1810,"[840361, 1096343, 952981, 5592993, 5590287]"
1811,"[1115874, 986394, 960942, 842423, 832325]"
1812,"[961554, 860776, 995785, 1120741, 15926844]"
1814,"[845208, 826249, 904360, 963971, 834484]"
1815,"[961554, 1029743, 995242, 1094308, 899624]"
1816,"[1077555, 1136257, 1070820, 1051323, 840601]"
1817,"[1037863, 1062152, 1082185, 1053690, 993466]"
1818,"[8019716, 892317, 1029743, 980941, 869622]"
1821,"[1056762, 860776, 1043064, 1013770, 867188]"
1822,"[859075, 844179, 1044078, 952254, 1047944]"
1823,"[1082185, 1082185, 847982, 847982, 847982]"
1824,"[826249, 962229, 952254, 908531, 1055646]"
1826,"[994928, 908531, 997202, 1052046, 1033615]"
1829,"[845208, 1082185, 1082185, 1082185, 1098844]"
1831,"[994928, 860776, 1082185, 1082185, 835098]"
1832,"[961554, 961554, 840361, 986760, 1058997]"
1833,"[1134174, 826249, 1094955, 1058779, 976955]"
1835,"[923746, 981944, 981944, 1074524, 1074524]"
1836,"[833025, 961554, 860776, 860776, 1011300]"
1837,"[835630, 883677, 995242, 979707, 1134522]"
1838,"[833025, 929433, 1111230, 909894, 1056746]"
1839,"[1133018, 1133018, 1106523, 1106523, 1106523]"
1841,"[1062572, 994928, 980433, 925350, 1033220]"
1843,"[1055646, 892844, 1082185, 822470, 1019286]"
1844,"[5570882, 1089568, 838261, 981888, 988209]"
1845,"[1082185, 1082185, 1126899, 878996, 983936]"
1846,"[908531, 1082185, 937715]"
1847,"[923746, 1133018, 1133018, 862349, 862349]"
1848,"[986912, 995785, 1046816, 819840, 900112]"
1849,"[1030362, 1055646, 995242, 1007911, 900586]"
1850,"[840361, 1082185, 1096343, 1022254, 862349]"
1853,"[981760, 1029743, 959179, 819765, 9655679]"
1854,"[1110142, 834484, 995242, 962274, 1044895]"
1856,"[7160231, 979707, 948509, 1037863, 883404]"
1857,"[1092026, 925258, 893501, 9297370]"
1858,"[995785, 1058997, 1058997, 12782182, 12782182]"
1861,"[923746, 995242, 1108131, 844179, 1033615]"
1862,"[1025650, 860776, 834484, 995242, 908846]"
1864,"[923746, 1082185, 1082185, 1082185, 1082185]"
1865,"[1063265, 862349, 862349, 1082185, 894968]"
1867,"[844179, 12810464, 6391484, 12810393]"
1868,"[1096343, 1047226, 907014, 1072330, 968214]"
1869,"[1074405, 822208, 856252, 1110764, 1058997]"
1871,"[820560, 15831255, 1082185, 826144, 13213357]"
1872,"[908489, 908489, 879635, 1000707, 893868]"
1873,"[962229, 908531, 12810393, 926905, 9446069]"
1876,"[995242, 1085604, 15926844, 1086119, 7168055]"
1877,"[1013623, 960791, 1125278, 8090440]"
1879,"[1082185, 1082185, 922561, 922561, 981760]"
1880,"[826249, 1061220, 908531, 985119, 1074524]"
1881,"[981760, 849843, 1139184, 995242, 1082185]"
1882,"[962229, 860975, 1029743, 14077333, 1132789]"
1883,"[1138189, 1038217, 916381, 1133018, 948509]"
1884,[1075007]
1885,[6533889]
1886,"[883404, 1041259, 961133]"
1887,"[904422, 866211, 878996, 7142535, 989931]"
1889,"[826249, 7025063, 1035805, 878637, 7025035]"
1890,"[833025, 870780, 945273, 819840, 974306]"
1891,"[1066289, 827079, 1022340, 16770144, 16733707]"
1892,"[856252, 885290, 1021116, 1021116, 1021116]"
1895,"[826249, 905868, 1096343, 1055646, 1133018]"
1896,"[995242, 995242, 995242, 1135995, 923746]"
1898,"[970119, 1057260, 1084208, 1122547, 829459]"
1899,"[981760, 1082185, 1082185, 923746, 1029743]"
1900,"[1080331, 908213, 952254, 968774, 893739]"
1901,"[995242, 1106523, 1044078, 994928, 987562]"
1903,"[1079223, 1101567, 945627, 1031831, 917033]"
1904,"[998556, 1114883]"
1906,"[981760, 1107553, 977545, 909894, 909894]"
1907,"[995242, 995242, 833025, 1029743, 1133018]"
1909,"[1088835, 962118, 870980, 6553737, 1077643]"
1911,"[934676, 5584027, 819927, 840361, 1044078]"
1912,"[934369, 1038217, 964327, 1112560, 1082212]"
1914,"[862010, 892573, 894439, 1077133, 948670]"
1916,"[940700, 6979427, 983936, 907128, 13115501]"
1917,"[923746, 1133018, 1133018, 1133018, 1003188]"
1918,"[995242, 1058997]"
1919,"[876932, 1065593, 1065593, 981760, 1044895]"
1920,"[833724, 862349, 862349, 1019643, 908846]"
1922,"[849843, 849843, 862349, 5586942, 5586076]"
1923,"[901062, 979707, 1082185, 880427, 1003600]"
1924,"[908531, 908531, 995242, 894236, 835694]"
1925,[1042942]
1926,"[923746, 908846, 1065122, 995876, 873203]"
1927,"[1030819, 1089766, 870547, 1053690, 987562]"
1928,"[1082185, 1085604, 908531, 862349, 986760]"
1929,"[951590, 995785, 965766, 933835, 1106523]"
1930,"[826249, 826249, 983278, 1040781, 872417]"
1931,"[994928, 7167219, 1111839, 1080110, 1089021]"
1932,"[853172, 1111722, 852856, 5978656]"
1935,"[845208, 961554, 1126899, 1126899, 1022003]"
1936,"[962229, 1074405, 867668, 15926844, 896444]"
1937,"[962229, 1074524, 834484, 862349, 1117514]"
1939,"[995242, 896085, 1044078, 963971, 1004906]"
1940,"[860776, 834484, 995785, 847025, 9526886]"
1941,"[826249, 952981, 896369, 1133018, 1133018]"
1942,"[1081479, 1110572, 1110572, 995785, 819840]"
1943,"[847982, 1011300, 1097239, 5571248, 917839]"
1944,"[845208, 1082185, 1082185, 1029743, 1029743]"
1945,[972858]
1946,"[923746, 1082185, 1082185, 10344585, 14025170]"
1947,"[1056762, 821562, 840361, 970119, 970119]"
1948,"[994928, 961554, 1096343, 927191, 1123792]"
1949,"[951590, 1043590, 1133018, 9527159, 969866]"
1950,"[861272, 995242, 1133018, 878302, 922907]"
1951,"[1055446, 1055446]"
1952,"[953104, 838602, 891405, 5995423, 938700]"
1953,"[15926886, 1077143, 12427353, 12427353, 1119051]"
1954,"[910745, 1052512, 1112754, 1110793, 948509]"
1955,"[994928, 1117514, 1082185, 1082185, 1082185]"
1956,"[923746, 1139184, 823758, 5566800, 1044078]"
1957,"[826249, 826249, 908531, 995242, 995242]"
1958,[932035]
1959,"[15797098, 2712657, 2885654, 15458745, 6541320]"
1960,"[13842214, 862349, 859075, 8160316, 1040371]"
1961,"[826249, 849843, 849843, 995242, 1029743]"
1962,"[826249, 833724, 833025, 995242, 1093403]"
1963,"[840361, 840361, 1130468, 834484, 910745]"
1964,"[883404, 1037863, 984715, 14077333, 999965]"
1965,"[1082185, 840361, 1013321, 883404, 938700]"
1966,"[1128665, 1128647, 1082185, 1092948, 8160319]"
1967,"[826249, 961554, 1077703, 976955, 1059969]"
1968,"[923746, 926065, 995242, 995242, 989157]"
1969,"[908531, 935008, 995242, 995242, 995242]"
1970,"[1092026, 1053690, 7147145, 7147145, 965009]"
1971,"[826249, 1074271, 916381, 1128665, 945805]"
1975,"[883003, 883003, 1138443, 995242, 995242]"
1976,"[932298, 1133018, 1110572, 1088835, 1096036]"
1978,"[840361, 5590287, 5585735, 970792, 13776705]"
1979,"[1082185, 1116589]"
1981,"[840361, 860776, 1036936, 1133018, 954351]"
1982,"[6533889, 6533889]"
1983,"[869622, 862010, 1038462, 1038462, 843744]"
1985,"[840361, 1082185, 1106523, 961554, 951590]"
1987,"[932298, 896444, 9913338, 1094955, 1058997]"
1988,"[923746, 923746, 840361, 840361, 960984]"
1989,"[1082185, 1082185, 1082185, 1082185, 840227]"
1990,"[1082185, 1029743, 856942, 1098066, 1067749]"
1991,[858863]
1992,"[950894, 843111, 1030981]"
1993,"[1105623, 821344, 1133018, 6034966, 9445549]"
1994,"[1083328, 943858, 953180, 842707, 909249]"
1995,"[1029743, 1029743, 6602697, 1082185, 923746]"
1996,"[981760, 834484, 1058997, 13007600, 1082185]"
1997,"[900586, 900586, 1110572, 1098066, 1138189]"
1998,"[908531, 5592931, 884897, 1133018, 1133018]"
1999,"[849843, 1033615, 995242, 820165, 925626]"
2000,"[860362, 17901205]"
2001,"[834484, 949836, 1010424, 1062782, 1082185]"
2003,"[863506, 1058686, 1058686, 821562, 972569]"
2004,"[995242, 995242, 995242, 849843, 849843]"
2005,"[840361, 927191, 1003441, 838258, 995242]"
2006,"[923746, 860776, 1133018, 1133018, 1084331]"
2007,"[981760, 981760, 826249, 826249, 826249]"
2008,"[13511722, 1018588, 1107661, 12384365, 995242]"
2010,"[962229, 981760, 985119, 985119, 849843]"
2011,"[1110218, 893501, 893501, 1137775, 921504]"
2012,"[883404, 1030819, 1133018, 1133018, 1133018]"
2014,"[981760, 1045515, 961554, 908531, 956609]"
2015,"[847982, 981760, 981760, 1054215, 15926844]"
2016,"[913785, 1108131, 1051626, 951971, 1113588]"
2017,"[961554, 923746, 1082185, 1082185, 1082185]"
2018,"[1082185, 1082185, 1028816, 1137688, 849843]"
2019,"[833025, 833025, 833025, 5572828, 1135868]"
2020,"[921836, 986912, 1038985, 872417, 1132771]"
2021,"[1111839, 985911, 951590, 892936, 15452812]"
2022,"[1020682, 927191, 953476, 15452330, 1050131]"
2023,"[1107553, 936511, 833577, 884840, 15778193]"
2025,"[12263234, 1018588, 1116476, 915617, 908636]"
2026,"[833025, 1073150, 909894, 1056746, 1038217]"
2027,"[1023958, 985119, 985119, 934369, 834833]"
2028,"[995242, 1041796, 1096036, 1022003, 934172]"
2029,"[1133018, 863529, 14077333, 892728, 1119830]"
2030,"[904360, 1052512, 1031083, 1065331, 893258]"
2031,"[833025, 923746, 994928, 849843, 849843]"
2032,"[1096635, 1129049, 1005186, 5569349, 15452032]"
2033,"[857849, 974108, 995242, 1043590, 983936]"
2034,"[1080331, 923746, 1123420, 977545, 860776]"
2036,"[997202, 1020156, 979707, 1137688, 925854]"
2037,"[1110142, 876932, 873654, 1013187, 1027447]"
2038,"[840361, 1055646, 849843, 849843, 15926844]"
2039,"[923746, 923746, 5592931, 849843, 849843]"
2040,[5592931]
2041,"[979707, 940947, 1008814, 9655676, 848029]"
2042,"[923746, 1129671, 845208, 15451935, 1007269]"
2043,"[960984, 1133018, 849843, 907014, 15926844]"
2046,[12352304]
2047,"[999730, 1139184, 860776, 989935, 820701]"
2048,"[1106523, 1021108, 984491, 890455, 1094811]"
2049,"[908531, 874736, 898847, 1122876, 915605]"
2050,"[1029743, 923746, 845208, 899624, 1068719]"
2055,"[909894, 861272, 13190294, 995242, 1079223]"
2056,"[847982, 961554, 962229, 840361, 1133018]"
2057,"[900802, 936924, 1038728, 821788, 1118012]"
2058,"[1082185, 987562, 1011926, 1116050, 12731436]"
2059,"[1061220, 1026346, 1030819, 1038217, 995242]"
2060,"[866227, 6464165, 12132588, 12132398, 6464069]"
2062,"[1058997, 862349, 852360, 898121, 831712]"
2063,"[1082185, 923746, 909894, 840361, 1022254]"
2064,"[1082185, 994928, 1133018, 854852, 916993]"
2065,"[1082735, 929433, 7410215, 7410016, 1076875]"
2068,"[1082185, 961554, 1050229, 1058997, 1074524]"
2070,"[1117514, 1117514, 909894, 826249, 826249]"
2071,"[987480, 6534077, 13213203, 901397, 1118757]"
2072,"[833025, 1022981, 1077555, 1078346, 1055646]"
2075,"[1135868, 908531, 840361, 1110572, 1074524]"
2076,"[1082185, 1082185, 1082185, 981760, 981760]"
2077,"[968215, 1019744, 10121813, 1082185, 1117514]"
2079,"[1025650, 923746, 979707, 995785, 908846]"
2080,"[833025, 981760, 874058, 989101, 1055646]"
2081,"[923746, 927191, 995242, 937571, 823758]"
2082,"[1082185, 995242, 995242, 961554, 883404]"
2083,"[900802, 1013321, 862349, 862349, 862349]"
2084,"[826249, 981760, 1082185, 1082185, 921744]"
2085,"[962229, 962229, 962229, 1082185, 1082185]"
2086,"[1082185, 979707, 834117, 12171656, 986912]"
2087,"[840361, 995242, 916122, 916993, 899624]"
2088,"[961554, 995242, 833715, 1110572, 870547]"
2089,"[1126899, 1036693]"
2090,"[7410290, 995242, 997200, 1039156, 1046055]"
2091,"[826249, 1094955, 1058779, 1029743, 15717170]"
2094,"[1098066, 928049, 1013321, 943233, 1082185]"
2095,"[1012816, 826249, 1013321, 995785, 1111072]"
2099,"[826249, 1010190, 1010190, 1107661, 1070716]"
2100,"[1133018, 1133018, 844165, 1013321, 1101174]"
2101,"[981760, 849843, 995242, 928049, 1029743]"
2102,"[1082185, 1082185, 961554, 962229, 13945244]"
2103,"[1057260, 15831255, 986912, 960143]"
2105,"[923746, 1056762, 1043006, 953104, 1133018]"
2108,"[923746, 927191, 1038217, 15926886, 15926886]"
2109,"[981760, 981760, 981760, 981760, 1033615]"
2110,"[1098844, 1104343, 8066803, 8066803, 8066803]"
2111,"[1058997, 1023981, 859594, 921649]"
2112,"[1082185, 840361, 904360, 1058997, 961554]"
2114,"[863506, 1077555, 1098248, 972037, 882595]"
2115,"[1029743, 860776, 859075, 1070820, 1004906]"
2116,"[1098844, 1098844, 1082185, 1082185, 1104343]"
2119,"[12731432, 961554, 5584027, 847789, 1105623]"
2120,"[784239, 486782, 486782, 12325405, 691343]"
2121,"[862349, 1057260, 1057260, 1082185, 1053730]"
2122,"[7410290, 1070015, 9707137, 1058997, 882830]"
2123,"[826249, 840361, 840361, 995242, 995242]"
2124,"[1082185, 1082185, 1082185, 1029743, 1029743]"
2125,"[833025, 938700, 1029743, 1029743, 1123536]"
2126,"[1025650, 909894, 909894, 927191, 995852]"
2129,"[1061220, 1011300, 859075, 859075, 979707]"
2130,"[1056762, 12731543, 1082185, 1011832, 883404]"
2131,"[961791, 1125123, 6979579, 9803545, 865196]"
2132,"[5584027, 5582789, 5586076, 5589247, 5588121]"
2133,"[1082185, 1082185, 860776, 840361, 1098066]"
2134,"[13876731, 16733693, 17215035, 5978648, 1027092]"
2135,"[945273, 908846, 836393, 948420, 948420]"
2136,"[1096343, 1047226, 995785, 995785, 7410248]"
2137,"[961554, 971165, 995785, 849264, 1055646]"
2138,"[1029743, 1092026, 844165, 1124729, 6773231]"
2139,"[863802, 929668, 9527487, 957374, 957374]"
2141,"[1110244, 1110244, 1082185, 1082185, 1013615]"
2142,"[840361, 1110244, 1110244, 7407023, 896369]"
2145,[13876877]
2146,"[1029743, 898121, 955403, 873577, 999090]"
2147,"[1082185, 1082185, 826249, 840361, 961554]"
2148,"[981760, 981760, 1082185, 995785, 895930]"
2149,"[923746, 995242, 1082185, 1082185, 834484]"
2151,"[840361, 1074405, 870980, 931532, 1034499]"
2153,"[833025, 923746, 847982, 909894, 1077555]"
2154,"[995242, 1133018, 1133018, 1133018, 1082185]"
2155,"[849843, 1063265, 857849, 1107661, 1052912]"
2156,"[1029743, 1111072, 825618, 847789, 10254584]"
2158,"[862349, 981760, 873203, 961554, 1065903]"
2159,"[1133018, 1133018, 849843, 9445919, 1032549]"
2160,"[938138, 874972, 874972, 1000753]"
2161,"[1043301, 15926886, 15506577, 890610, 1053690]"
2162,"[840361, 847982, 981760, 896085, 993466]"
2163,"[862349, 851349, 1016274, 1016274, 1047956]"
2167,"[1043301, 1106523, 1026737, 5568721, 959900]"
2168,"[826249, 981760, 981760, 995785, 1022981]"
2169,"[874058, 926065, 5567950, 1103556, 1009813]"
2170,"[5565352, 834491, 990251, 5573812, 5573812]"
2171,"[826249, 1060269, 983078, 1075313, 992010]"
2172,"[981760, 9912215, 1067185, 1110142, 882288]"
2173,"[992622, 1046584, 13115886, 1020962, 8273833]"
2174,"[1027874, 1130777, 1130777, 9553176, 1125278]"
2175,"[825176, 7409664, 9654864, 938596, 5569893]"
2176,"[833025, 833025, 941741, 844759, 12599756]"
2179,"[1128464, 1047393, 879808, 1112247, 951412]"
2181,"[923746, 819765, 862799, 976955, 1101010]"
2182,"[1011300, 93662, 36880, 253391, 993638]"
2183,"[1082185, 1028816, 995242, 995242, 970119]"
2184,"[1085604, 15926886, 1073150, 1029504, 849578]"
2185,"[820923, 13133916, 839656, 879699, 1081479]"
2186,"[909894, 1082185, 1082185, 833025, 1096036]"
2188,"[1082185, 961554, 908531, 1133018, 1133018]"
2189,"[1082185, 1082185, 866211, 1081177, 913210]"
2190,"[962229, 908531, 994928, 866140, 1044078]"
2193,"[995785, 898212, 833724, 904360, 870780]"
2194,"[981760, 981760, 995242, 995242, 1082185]"
2195,[1115358]
2196,"[995242, 1082185, 1053690, 837304, 999104]"
2197,"[994928, 1102959, 964356, 1039156, 820923]"
2198,"[981760, 981760, 981760, 862349, 862349]"
2199,"[1082185, 1058997, 929668, 933835, 1101010]"
2200,"[981760, 923746, 923746, 1082185, 995785]"
2202,"[886703, 1010424, 834484, 1095100, 873203]"
2203,"[1029743, 1038217, 1044078, 10150013, 819927]"
2204,"[981760, 902167, 905868, 1077703, 1047226]"
2205,"[1082185, 954077, 926318, 1101721, 882247]"
2206,"[1029743, 1029743, 9931660, 877337, 972191]"
2207,"[995242, 995242, 915349, 1033220, 997200]"
2208,"[981760, 981760, 981760, 961554, 994928]"
2209,"[981760, 859075, 961554, 1004906, 1071939]"
2211,"[989935, 10121965, 1058997, 951703, 871433]"
2212,"[908213, 1092026, 1092026, 1000736, 904779]"
2213,"[13190294, 1052912, 5565417, 874236, 1121255]"
2214,"[849843, 1029743, 898212, 987562, 1110764]"
2215,"[923746, 1133018, 1078011, 819840, 877798]"
2217,"[961554, 847982, 1022254, 923746, 862349]"
2221,"[1082185, 1082185, 1058997, 1058997, 1098066]"
2222,"[961554, 1047944, 1116821, 922127, 866548]"
2223,"[1133018, 883404, 5568197]"
2224,"[1082185, 1082185, 15926844, 1097761, 1030362]"
2225,"[908531, 961554, 1075074, 1011832, 997202]"
2226,"[13776705, 13776981, 1112949, 8205639]"
2228,"[1082185, 883404, 1134483, 1134483, 1050741]"
2229,"[1096343, 961554, 1047226, 1047226, 1051093]"
2231,"[1082185, 995785, 993466, 916122, 5592610]"
2233,"[1082185, 1117514, 979707, 1098844, 961554]"
2234,"[915493, 915493, 915493, 9487885, 1013321]"
2235,"[899624, 830156, 902396, 9297062, 1027569]"
2237,"[908531, 860776, 1105623, 961554, 921744]"
2238,"[849843, 979707, 7167218, 6463658, 878302]"
2239,"[840361, 1076875, 1029743, 937845, 1085604]"
2240,"[7409670, 7407023, 1110244, 965864]"
2241,"[981760, 981760, 995242, 995242, 995242]"
2243,"[923746, 845208, 927191, 849843, 1013321]"
2244,"[821344, 840361, 1056762, 995242, 1138189]"
2245,"[995242, 861272, 994928, 961554, 1030819]"
2247,"[825618, 853172, 1048440, 995785, 860439]"
2248,"[951197, 1108094, 960613, 897752, 923723]"
2250,"[1094955, 957063, 983050, 8181377, 846764]"
2252,"[908531, 1082185, 1082185, 923746, 995242]"
2253,"[13413299, 866025, 12262987, 826099, 1058378]"
2256,"[1195192, 1402517, 1144026, 1380910, 1400939]"
2257,"[1106523, 1106523, 1104349, 1104349, 1126465]"
2258,"[833940, 821025]"
2259,"[861819, 1079292, 848015, 894511, 830750]"
2260,"[995242, 951590, 5568758, 13842214, 8292884]"
2261,"[1061220, 847982, 952981, 1013321, 1013321]"
2262,"[994928, 849843, 1062782, 1127338, 6773232]"
2263,"[833025, 994928, 1061220, 908531, 876932]"
2264,"[1082185, 1082185, 1082185, 1082185, 1082185]"
2266,"[840361, 840361, 900802, 900802, 900802]"
2267,"[840361, 849843, 860776, 909894, 1071333]"
2269,"[826249, 826249, 1082185, 923746, 916122]"
2270,"[857849, 938700, 6034966, 929605, 819927]"
2271,"[995242, 1128665, 890610, 879948, 7441391]"
2272,"[1082185, 953539, 827656, 1104343, 840227]"
2273,"[1029743, 1029743, 1082185, 1028950, 827919]"
2274,"[1135868, 1077143, 1038217, 1074271, 860776]"
2275,"[821344, 840361, 1085137, 1074405, 1013321]"
2276,"[9487927, 13877012, 976998, 1065593, 7410071]"
2277,"[1088191, 1070015, 927191, 857849, 905913]"
2278,"[840361, 1025650, 1011300, 995785, 1030409]"
2279,"[1108168, 12524009]"
2280,"[1082185, 1082185, 908531, 908531, 981760]"
2281,"[982960, 1022119, 1085476, 820165, 1082185]"
2282,"[860776, 908846, 1041259, 1070820, 13071902]"
2283,"[923746, 1055646, 1085604, 870211, 9573206]"
2284,"[1082185, 961554, 981760, 981760, 916122]"
2285,"[860776, 903325, 824005, 1115577, 15926507]"
2287,"[968936, 13008065, 987122]"
2288,"[899446, 10180324, 8293447, 891118]"
2289,"[1130323, 849843, 859618, 1133018, 1133018]"
2290,"[1085604, 1080414, 996891, 12263733]"
2291,"[6979427, 1032950, 908866, 10456404]"
2292,"[923746, 995242, 833025, 1094955, 1038217]"
2293,"[906262, 1082185, 1106523, 835243, 6391381]"
2294,"[5978656, 5569230, 15741433]"
2295,"[1106523, 1106523, 1106523, 981760, 900802]"
2296,"[961554, 981760, 981760, 981760, 953476]"
2297,"[1133018, 1082185, 1082185, 1009449, 966148]"
2298,"[923746, 923746, 1082185, 995242, 995242]"
2299,"[961554, 861272, 847982, 1124674, 873178]"
2300,"[1098066, 995242, 995242, 840361, 921744]"
2301,"[1091499, 962229, 995242, 974108, 1132770]"
2302,"[1098066, 826249, 859075, 981760, 981760]"
2303,"[1082185, 1110764, 1033545, 1033545, 17214320]"
2305,"[908531, 908531, 847982, 847982, 15831255]"
2307,"[1082185, 1082185, 1082185, 1098844, 1098844]"
2308,"[981944, 953134, 1098844, 862349, 862349]"
2310,"[9526563, 1077975]"
2312,"[1082185, 1082185, 1082185, 916122, 916122]"
2314,"[1093359, 1059891, 1059891, 972569, 1055853]"
2315,"[954493, 15972905, 12172240, 7152455, 1130951]"
2317,"[1098844, 995242, 933835, 1104343, 852035]"
2319,"[12731616, 930335]"
2322,"[1026118, 866227, 866227, 866227, 866227]"
2323,"[981760, 826249, 873178, 995242, 834103]"
2324,"[961554, 840361, 1029743, 1082185, 1082185]"
2325,"[863885, 5979276, 883932, 1106116, 16729299]"
2328,"[826249, 951590, 1082990, 1082990, 1082990]"
2330,"[925854, 10121965, 13417250, 17214322, 883932]"
2331,"[840361, 856252, 1070820, 995242, 859075]"
2333,"[923746, 848154, 908531, 995242, 1048440]"
2334,"[1013321, 1013321, 976998, 1110244, 962568]"
2335,"[861272, 981944, 860776, 863664, 953134]"
2336,"[5585639, 5586076, 5586642, 5588238, 5589247]"
2337,"[1082185, 1082185, 860776, 1106523, 1133018]"
2338,"[1055646, 1058997, 1058997, 1051810, 889774]"
2339,"[1088835, 916381, 7440663, 913202, 913202]"
2340,"[866140, 994928, 1138189, 9526430, 927191]"
2341,"[12301100, 1106523, 1054262, 5568378, 15717057]"
2342,"[965766, 1056509, 900802, 13417591, 883404]"
2343,"[995242, 1110244, 950824, 989101, 1061982]"
2344,"[15926886, 820165, 1037863, 1082185, 15926887]"
2345,"[1102959, 979707, 15831577, 1034176, 18022252]"
2347,"[1029743, 995242, 840361, 908531, 833025]"
2349,"[1211446, 1164967, 10459225, 1180421, 1437464]"
2350,"[995242, 979707, 1074524, 15926844, 1058779]"
2351,"[961554, 981760, 866211, 899624, 845208]"
2352,"[1061220, 826249, 847982, 1041157, 1133018]"
2354,"[1059308, 10285141, 964011, 7441102, 954778]"
2359,"[840361, 883404, 1038217, 1039589, 896369]"
2360,"[995242, 995242, 909714, 883003, 878996]"
2361,"[863885, 893400, 1085983, 1100972, 1082185]"
2363,"[976300, 871440, 951907, 1058997, 916122]"
2364,"[1922899, 5705284, 1925025, 1930655, 2052480]"
2366,"[981760, 1133072, 1133072, 1063265, 865216]"
2368,"[977545, 6919433, 995242, 902192, 943233]"
2369,"[981760, 976300, 830750, 1039156, 828525]"
2370,"[923746, 1074405, 1052512, 977481, 5584007]"
2372,"[1133018, 1133018, 15717057, 14025592, 860947]"
2373,"[838602, 1029743, 1109598]"
2374,"[1073150, 1073150, 883404, 897306, 1110793]"
2375,"[981760, 923746, 923746, 1112598, 999730]"
2376,"[883404, 840361, 863664, 1011645, 950557]"
2377,"[989101, 1134522, 925164, 1055168, 6534178]"
2378,"[1082185, 1082185, 1082185, 994928, 860776]"
2379,"[948509, 1058997, 1069003, 951071, 843756]"
2380,"[923746, 909894, 909894, 909894, 910745]"
2381,"[861272, 1105623, 838010, 1133072, 871440]"
2385,"[1055283, 830750, 897413, 10285141, 1041796]"
2386,"[1056746, 1093334, 9296836, 6391291, 13213113]"
2387,"[917033, 1073506]"
2388,"[929433, 908531, 1038217, 1133018, 1110292]"
2389,"[1012816, 1022981, 995242, 995242, 1081582]"
2392,"[844179, 1004341, 15452836]"
2393,"[923746, 6391089, 6391089, 1075313, 833025]"
2394,"[1106390, 1055863, 999034, 12647777, 1033869]"
2395,"[923746, 1041157, 927191, 999134, 1134522]"
2397,"[961554, 951590, 861272, 1112825, 883932]"
2399,"[986912, 974156]"
2400,"[1133018, 838186, 838186, 5569845, 1085604]"
2401,"[1133018, 1133018, 1133018, 1114597, 1114597]"
2404,"[847982, 860776, 927191, 908531, 1047944]"
2405,"[962229, 1082185, 1084331, 913785, 1034686]"
2406,"[1082185, 1110793, 1053690, 1074405, 1009187]"
2407,"[1098692, 995242, 995242, 995242, 995242]"
2408,"[860776, 1084591, 966310, 1121213, 858711]"
2410,"[1133018, 893501, 6534077, 16058571, 6534480]"
2412,"[981760, 923746, 826249, 1045515, 1056762]"
2416,"[1085137, 848154, 862551, 1110793, 838010]"
2418,"[840361, 1130323, 908531, 863664, 863664]"
2420,"[1106523, 1096036, 1070803, 1044078, 5565322]"
2421,"[961554, 1079228, 1082185, 1082185, 1082185]"
2424,"[908531, 908531, 962229, 1038217, 855672]"
2425,"[995242, 1085604, 896444, 7167853, 1066685]"
2426,"[1029743, 995242, 1009187, 1043494, 844179]"
2427,"[961554, 1082185, 916122, 1058997, 1087102]"
2429,"[882288, 1138189, 1118533, 916050, 835243]"
2431,"[1038217, 13841744, 7147145, 919948, 918046]"
2434,"[880895, 937736, 9925410]"
2435,"[938700, 973868, 882288, 902167, 995134]"
2437,"[981760, 860776, 1029743, 1082185, 7409644]"
2438,"[867188, 1107553, 1107553, 1100410, 1026712]"
2439,"[1082185, 983016, 1123321]"
2440,"[981760, 16809471, 979707, 1112754, 1069621]"
2441,"[1056746, 867188, 1023958, 908531, 908531]"
2442,"[7110357, 9859112]"
2445,"[1096343, 908531, 1110292, 916122, 962568]"
2446,"[1044259, 962229, 976955, 963868, 1121360]"
2447,"[1067425, 1067425, 1058997, 5588666, 948298]"
2448,"[961554, 1094955, 1133018, 1133018, 994928]"
2449,"[1082185, 995242, 995242, 995242, 995242]"
2450,"[961554, 1039589, 822965, 1082185, 906763]"
2451,"[862349, 1058997, 1076580, 1127701, 15452641]"
2452,"[821344, 1074697, 1112754, 985119, 985119]"
2453,"[862349, 961554, 9653504, 1136719, 1136719]"
2455,"[1029743, 1029743, 1029743, 5981074, 1102416]"
2456,"[1022374, 1114128, 945456, 912902, 995785]"
2457,"[849843, 995242, 1082185, 866227, 1137775]"
2458,"[961554, 909894, 932179, 821562, 1058686]"
2459,"[995242, 995242, 1029743, 862349, 896672]"
2460,"[1058554, 1029968, 1108092, 966684, 1082990]"
2461,"[979707, 863664, 1011645, 1098844, 1098844]"
2462,"[961554, 961554, 840361, 847982, 847982]"
2464,"[1011645, 1039549, 950557, 900072, 1060567]"
2465,"[10344585, 986912, 847982, 1015474, 6904666]"
2466,"[981760, 929433, 927191, 824311, 950824]"
2467,"[1082185, 1082185, 1038217, 994928, 994928]"
2470,"[959076, 7168224, 15596572, 15596430, 6533889]"
2471,"[1105623, 965719, 1133072, 991435, 867668]"
2472,"[840361, 995785, 845208, 9677202, 1026118]"
2475,"[952981, 861272, 896369, 862349, 862349]"
2477,"[867668, 1119051, 1058997, 1028816, 984669]"
2478,"[979707, 1100368, 861272, 1019744, 1033142]"
2479,"[15926886, 826249, 1094955, 1055853, 1055853]"
2481,"[981760, 898601, 985911, 860890, 1029743]"
2482,"[923746, 1030819, 855468, 927191, 1082735]"
2483,"[1082185, 961554, 6533936, 6533936, 1003616]"
2484,"[826249, 1077555, 962206, 1038217, 1074405]"
2485,"[826249, 849843, 940980, 862349, 1031864]"
2486,"[1082185, 995242, 979707, 1133018, 1134522]"
2488,"[1096036, 919534, 873964, 824305, 979707]"
2489,"[828867, 8019716, 15596095, 6772929, 12301585]"
2492,"[1030819, 863506, 994928, 947267, 1076722]"
2494,"[1098066, 833025, 840361, 1030819, 1013149]"
2496,"[995876, 995876, 933835, 981760, 965766]"
2497,"[6534178, 6534178]"
2498,"[1076875, 920109, 1053690, 1004945, 963719]"
2499,"[5568378, 1079228, 1070820, 5569327, 892531]"
2500,"[1000908, 1058997, 995242, 995242, 869622]"
